company_id,company_name,sector,currency,period_label,period_start,period_end,revenue,cogs,operating_expenses,interest_expense,net_income,current_assets,current_liabilities,inventory,total_debt,total_equity,cash_and_equivalents,operating_cash_flow,oil_energy_exposure_pct,import_cost_exposure_pct,export_revenue_exposure_pct,fx_debt_exposure_pct,variable_rate_debt_pct,demand_sensitivity_index,variable_cost_ratio
C001,Meridian Freight Lines,Logistics & Transport,USD,2023-Q1,2023-01-01,2023-03-31,387798152.9,301102101.35,46137941.91,42739178.37,-2181068.73,55972560.03,60284229.91,20893452.9,539965714.56,312160688.72,17109507.41,7209799.38,0.588,0.256,0.0,0.085,0.61,1.268,0.649
C001,Meridian Freight Lines,Logistics & Transport,USD,2023-Q2,2023-04-01,2023-06-30,395785763.69,310799093.3,51537666.96,31441283.56,1505789.9,46960026.53,54993298.3,12628782.97,488038935.92,312988577.22,9175137.79,15686327.43,0.588,0.256,0.0,0.085,0.61,1.268,0.649
C001,Meridian Freight Lines,Logistics & Transport,USD,2023-Q3,2023-07-01,2023-09-30,404827096.16,319543759.88,51895398.48,31607918.19,1335014.71,46650637.93,54236810.75,7083459.33,495584822.26,313701767.05,14339700.53,6891452.4,0.588,0.256,0.0,0.085,0.61,1.268,0.649
C001,Meridian Freight Lines,Logistics & Transport,USD,2023-Q4,2023-10-01,2023-12-31,404504596.31,306282737.62,48380765.5,36633028.19,9906048.75,71432074.71,79485106.96,20600642.48,525264429.71,317971424.8,18703876.74,17021992.99,0.588,0.256,0.0,0.085,0.61,1.268,0.649
C001,Meridian Freight Lines,Logistics & Transport,USD,2024-Q1,2024-01-01,2024-03-31,407803264.32,322293320.95,49381076.41,27575995.94,6414653.26,67713702.18,75929563.26,23427217.79,469565216.59,320217142.8,19153681.17,17708964.33,0.588,0.256,0.0,0.085,0.61,1.268,0.649
C001,Meridian Freight Lines,Logistics & Transport,USD,2024-Q2,2024-04-01,2024-06-30,356937129.97,275603812.46,42899006.97,30244093.34,6142662.9,51482596.25,58757429.65,11603045.73,518811962.35,322277402.81,14212106.29,8914325.22,0.588,0.256,0.0,0.085,0.61,1.268,0.649
C001,Meridian Freight Lines,Logistics & Transport,USD,2024-Q3,2024-07-01,2024-09-30,364067450.8,285129955.57,44229700.91,48348928.43,-13641134.11,52034060.64,60047883.75,9059012.39,571026738.29,316932983.97,17198322.66,-11150067.54,0.588,0.256,0.0,0.085,0.61,1.268,0.649
C001,Meridian Freight Lines,Logistics & Transport,USD,2024-Q4,2024-10-01,2024-12-31,364103100.94,287810687.47,46465464.17,36976635.98,-7149686.68,58465325.75,64959560.29,10004065.05,535917475.97,314080556.67,13631861.91,3563740.94,0.588,0.256,0.0,0.085,0.61,1.268,0.649
C002,Alcove Freight Networks,Logistics & Transport,USD,2023-Q1,2023-01-01,2023-03-31,344840616.53,267661401.74,55698727.22,14169112.47,5483531.32,39406919.78,56516323.84,14051442.86,223050208.17,205952908.07,12974025.1,8052057.43,0.491,0.162,0.044,0.131,0.49,1.364,0.639
C002,Alcove Freight Networks,Logistics & Transport,USD,2023-Q2,2023-04-01,2023-06-30,356588697.01,279347561.99,59300799.17,17829619.52,83037.25,32489714.51,44124733.11,7886246.95,217525648.92,206001557.09,10265383.55,7976398.23,0.491,0.162,0.044,0.131,0.49,1.364,0.639
C002,Alcove Freight Networks,Logistics & Transport,USD,2023-Q3,2023-07-01,2023-09-30,368003471.73,280251664.56,62196726.42,11260705.66,10720781.31,61396076.7,80680181.89,20699810.35,220262279.15,210233893.37,20147644.32,23868512.81,0.491,0.162,0.044,0.131,0.49,1.364,0.639
C002,Alcove Freight Networks,Logistics & Transport,USD,2023-Q4,2023-10-01,2023-12-31,377912058.1,289860009.57,58720712.36,16632951.21,9523788.72,38373686.53,54456015.57,13729267.27,252842964.14,215589773.21,6932469.84,22070396.9,0.491,0.162,0.044,0.131,0.49,1.364,0.639
C002,Alcove Freight Networks,Logistics & Transport,USD,2024-Q1,2024-01-01,2024-03-31,384430760.18,302057369.54,65195901.25,12439223.63,3553699.32,38765576.73,54960375.44,12382293.84,247125194.28,217275417.12,6759417.97,9971500.19,0.491,0.162,0.044,0.131,0.49,1.364,0.639
C002,Alcove Freight Networks,Logistics & Transport,USD,2024-Q2,2024-04-01,2024-06-30,395372170.23,309517651.21,65560565.19,13757800.62,4902114.91,45334041.42,63163795.76,12337478.55,230645655.81,220106106.75,12810168.95,17778361.82,0.491,0.162,0.044,0.131,0.49,1.364,0.639
C002,Alcove Freight Networks,Logistics & Transport,USD,2024-Q3,2024-07-01,2024-09-30,380779421.33,287331334.44,59449133.68,22423930.28,8681267.2,61288390.38,81221134.8,16354525.07,248183838.67,224870634.34,18812636.28,19120438.57,0.491,0.162,0.044,0.131,0.49,1.364,0.639
C002,Alcove Freight Networks,Logistics & Transport,USD,2024-Q4,2024-10-01,2024-12-31,377808586.55,292533190.87,61834595.71,20150138.37,2467996.2,43229931.02,59474024.84,13530222.97,276680544.55,225786257.74,13984801.69,19609326.21,0.491,0.162,0.044,0.131,0.49,1.364,0.639
C003,Solara Energy Trading Co,Energy Trading,USD,2023-Q1,2023-01-01,2023-03-31,112155244.24,91897123.57,14436205.38,5811748.11,7625.39,29638715.68,19117155.64,10752419.43,91737441.32,51818788.61,4703516.35,5253216.65,0.845,0.28,0.128,0.317,0.688,1.001,0.738
C003,Solara Energy Trading Co,Energy Trading,USD,2023-Q2,2023-04-01,2023-06-30,113692022.56,93132613.01,14318555.74,5130732.68,832590.85,22173709.93,14233807.68,3875483.0,88962952.87,52268893.69,7067093.75,3327989.31,0.845,0.28,0.128,0.317,0.688,1.001,0.738
C003,Solara Energy Trading Co,Energy Trading,USD,2023-Q3,2023-07-01,2023-09-30,114491805.8,98008366.85,14070159.17,6802053.11,-4388773.33,28121770.1,19037690.21,8714678.33,89955672.81,50403371.81,5716949.55,-4362651.98,0.845,0.28,0.128,0.317,0.688,1.001,0.738
C003,Solara Energy Trading Co,Energy Trading,USD,2023-Q4,2023-10-01,2023-12-31,111664783.63,93260905.69,13997554.14,6243407.36,-1837083.56,37349707.54,23995175.54,10092922.09,84047611.28,49492589.5,8055295.13,2981033.11,0.845,0.28,0.128,0.317,0.688,1.001,0.738
C003,Solara Energy Trading Co,Energy Trading,USD,2024-Q1,2024-01-01,2024-03-31,111670801.47,94769447.72,13942272.58,5344264.39,-2385183.22,33122821.64,23012215.0,10055920.89,88540436.6,48107318.14,5598391.15,1726765.67,0.845,0.28,0.128,0.317,0.688,1.001,0.738
C003,Solara Energy Trading Co,Energy Trading,USD,2024-Q2,2024-04-01,2024-06-30,109721606.31,94046253.11,14126508.86,7738236.47,-6189392.13,24044434.32,15946755.62,4178016.19,86846938.8,45187601.43,6569736.29,-2900053.97,0.845,0.28,0.128,0.317,0.688,1.001,0.738
C003,Solara Energy Trading Co,Energy Trading,USD,2024-Q3,2024-07-01,2024-09-30,111046236.38,94974303.95,14588219.59,6195349.5,-4711636.68,21061155.72,14655144.8,3620986.65,77090498.64,42825330.86,5930245.58,-2750257.05,0.845,0.28,0.128,0.317,0.688,1.001,0.738
C003,Solara Energy Trading Co,Energy Trading,USD,2024-Q4,2024-10-01,2024-12-31,112228087.2,95977215.85,13986626.38,4149705.39,-1885460.42,23588961.54,15125914.99,6120769.6,71187722.21,41730176.27,5346767.54,601270.67,0.845,0.28,0.128,0.317,0.688,1.001,0.738
C004,Boreal Energy Partners,Energy Trading,USD,2023-Q1,2023-01-01,2023-03-31,287242784.69,233793941.33,32175746.26,30700682.35,-9427585.25,31578665.39,37645706.48,11677790.65,335096509.57,168712633.24,6529889.72,1705217.75,0.701,0.43,0.201,0.342,0.594,1.333,0.74
C004,Boreal Energy Partners,Energy Trading,USD,2023-Q2,2023-04-01,2023-06-30,291839025.99,232275552.68,34185727.44,16933979.79,6332824.56,44709732.38,57689803.04,16885057.71,305802310.62,170710622.77,12574782.48,10578449.84,0.701,0.43,0.201,0.342,0.594,1.333,0.74
C004,Boreal Energy Partners,Energy Trading,USD,2023-Q3,2023-07-01,2023-09-30,288134703.54,231416581.69,33597203.65,27728350.13,-4607431.94,46308231.05,56823286.89,16647580.05,311352648.88,168457572.18,7318101.79,4777547.88,0.701,0.43,0.201,0.342,0.594,1.333,0.74
C004,Boreal Energy Partners,Energy Trading,USD,2023-Q4,2023-10-01,2023-12-31,288523226.18,238735737.77,31508873.08,27636981.44,-9358366.11,39907014.6,52267240.56,12134814.96,321639129.91,165164004.21,6324069.01,-5211174.82,0.701,0.43,0.201,0.342,0.594,1.333,0.74
C004,Boreal Energy Partners,Energy Trading,USD,2024-Q1,2024-01-01,2024-03-31,289261386.47,242821824.17,32454808.83,26737208.71,-12752455.23,32480112.99,38909424.25,7318927.64,349281634.77,157739801.22,8626829.84,-5324038.51,0.701,0.43,0.201,0.342,0.594,1.333,0.74
C004,Boreal Energy Partners,Energy Trading,USD,2024-Q2,2024-04-01,2024-06-30,292331509.27,237155593.1,32850679.64,15427990.6,5172934.45,34897643.51,43987256.78,10565152.93,291608775.46,159629414.98,9664058.67,9529413.49,0.701,0.43,0.201,0.342,0.594,1.333,0.74
C004,Boreal Energy Partners,Energy Trading,USD,2024-Q3,2024-07-01,2024-09-30,289667998.27,229776431.11,32369363.42,19028132.25,6370553.62,41699631.81,51148761.18,13009748.06,317776057.54,162590087.19,11696188.42,11564792.74,0.701,0.43,0.201,0.342,0.594,1.333,0.74
C004,Boreal Energy Partners,Energy Trading,USD,2024-Q4,2024-10-01,2024-12-31,293538888.1,237511720.78,33113918.12,31571865.85,-8658616.64,40043589.81,50008251.46,14013959.13,340755689.71,157805353.27,8524885.37,2614303.93,0.701,0.43,0.201,0.342,0.594,1.333,0.74
C005,Cascade Global Trading,Import-Export Trading,USD,2023-Q1,2023-01-01,2023-03-31,258953496.43,208615713.91,29396135.53,14779381.22,4621699.33,69864406.28,47670454.85,14131083.24,193291211.49,143276816.18,17816657.45,7571517.14,0.273,0.581,0.606,0.358,0.373,0.951,0.625
C005,Cascade Global Trading,Import-Export Trading,USD,2023-Q2,2023-04-01,2023-06-30,244846203.49,198030527.97,29719333.76,11703672.68,4044501.81,49529351.79,31341520.74,12800601.28,176073659.13,145590801.4,12078494.53,6150727.25,0.273,0.581,0.606,0.358,0.373,0.951,0.625
C005,Cascade Global Trading,Import-Export Trading,USD,2023-Q3,2023-07-01,2023-09-30,214559339.54,169974587.95,25040468.24,9744722.22,7349670.85,68496510.65,43847097.41,21390587.8,192473908.25,148604037.94,19455793.48,14278208.77,0.273,0.581,0.606,0.358,0.373,0.951,0.625
C005,Cascade Global Trading,Import-Export Trading,USD,2023-Q4,2023-10-01,2023-12-31,209877271.92,169801803.52,24241794.96,17445810.29,-1612136.85,68820208.58,44274706.99,24952044.94,207290430.21,148069624.39,15010937.21,2551540.44,0.273,0.581,0.606,0.358,0.373,0.951,0.625
C005,Cascade Global Trading,Import-Export Trading,USD,2024-Q1,2024-01-01,2024-03-31,203919023.84,162909230.8,22833795.58,9899130.65,6207650.11,66505413.79,43382966.0,15088998.88,189696702.13,151241175.15,17936206.72,9830607.48,0.273,0.581,0.606,0.358,0.373,0.951,0.625
C005,Cascade Global Trading,Import-Export Trading,USD,2024-Q2,2024-04-01,2024-06-30,190833223.31,152360024.94,22030931.89,18947579.66,-2505313.17,65406914.64,41281257.05,23984739.12,210680913.23,150073871.73,11303676.25,907189.97,0.273,0.581,0.606,0.358,0.373,0.951,0.625
C005,Cascade Global Trading,Import-Export Trading,USD,2024-Q3,2024-07-01,2024-09-30,190288817.98,155221630.41,21551338.39,16125510.67,-2609661.5,37037609.52,25191761.46,12753374.23,207955059.81,148525363.59,9183102.99,4455267.67,0.273,0.581,0.606,0.358,0.373,0.951,0.625
C005,Cascade Global Trading,Import-Export Trading,USD,2024-Q4,2024-10-01,2024-12-31,181416434.11,140220990.57,21107438.51,19306720.52,585963.39,34140118.46,22440681.84,5536660.67,208495355.76,148837164.21,5867199.84,3174552.44,0.273,0.581,0.606,0.358,0.373,0.951,0.625
C006,Harborline Import Exports,Import-Export Trading,USD,2023-Q1,2023-01-01,2023-03-31,164585725.59,133098895.14,17169714.25,10509010.94,2856078.94,26348463.97,24273515.11,5187970.94,145765136.41,126260501.82,4399200.63,3990812.36,0.286,0.614,0.513,0.523,0.365,1.153,0.713
C006,Harborline Import Exports,Import-Export Trading,USD,2023-Q2,2023-04-01,2023-06-30,164765133.41,133727350.98,15998871.41,14594020.58,333667.83,30579654.2,29578848.31,11584328.03,156060460.26,126367325.58,7626055.67,5996021.73,0.286,0.614,0.513,0.523,0.365,1.153,0.713
C006,Harborline Import Exports,Import-Export Trading,USD,2023-Q3,2023-07-01,2023-09-30,165430595.99,134634729.87,16893129.67,10874548.79,2271140.75,33885133.96,32291442.26,7493196.51,149065030.92,127668052.04,11161741.43,2857651.59,0.286,0.614,0.513,0.523,0.365,1.153,0.713
C006,Harborline Import Exports,Import-Export Trading,USD,2023-Q4,2023-10-01,2023-12-31,156556231.06,128466217.26,16016726.49,8586486.47,2615100.64,23007082.96,21220282.27,5080233.87,149234059.44,128796509.49,6034709.06,7181878.65,0.286,0.614,0.513,0.523,0.365,1.153,0.713
C006,Harborline Import Exports,Import-Export Trading,USD,2024-Q1,2024-01-01,2024-03-31,160107764.04,132037935.53,16640126.77,12943045.13,-1513343.39,28311852.62,28213721.6,8868136.65,169474161.14,128326233.76,9656320.34,2136637.51,0.286,0.614,0.513,0.523,0.365,1.153,0.713
C006,Harborline Import Exports,Import-Export Trading,USD,2024-Q2,2024-04-01,2024-06-30,157084409.01,124671545.52,15425977.25,9763746.42,5417354.86,23716281.49,23760115.65,4219128.66,142694415.23,130287891.34,5381245.04,6430703.38,0.286,0.614,0.513,0.523,0.365,1.153,0.713
C006,Harborline Import Exports,Import-Export Trading,USD,2024-Q3,2024-07-01,2024-09-30,156019396.82,126695321.12,14937170.61,11134554.8,2439262.71,27822993.15,26650724.05,6490368.11,146352540.59,131210187.7,6573610.72,5620314.1,0.286,0.614,0.513,0.523,0.365,1.153,0.713
C006,Harborline Import Exports,Import-Export Trading,USD,2024-Q4,2024-10-01,2024-12-31,148536097.05,121078595.08,15240843.35,10376440.22,1380163.81,19305833.2,18545760.92,6330180.2,151101417.19,132004674.79,3476802.99,3470181.14,0.286,0.614,0.513,0.523,0.365,1.153,0.713
C007,Northgate Manufacturing,Manufacturing,USD,2023-Q1,2023-01-01,2023-03-31,269842867.16,187229107.26,46112016.71,20489559.17,12009138.01,75992563.61,54323668.99,26582455.65,235754338.42,208662226.85,20529146.65,18938925.55,0.39,0.203,0.065,0.25,0.545,0.948,0.507
C007,Northgate Manufacturing,Manufacturing,USD,2023-Q2,2023-04-01,2023-06-30,235357889.46,154702028.48,39051535.6,20268912.75,16001559.47,52858626.02,35707396.83,15776060.62,246998280.6,214292906.5,9261109.76,17634863.09,0.39,0.203,0.065,0.25,0.545,0.948,0.507
C007,Northgate Manufacturing,Manufacturing,USD,2023-Q3,2023-07-01,2023-09-30,235225120.5,154471216.87,38428211.61,18109408.3,18162212.79,72962431.07,49333816.27,20724986.08,266669067.28,222981169.37,20017856.28,21220788.88,0.39,0.203,0.065,0.25,0.545,0.948,0.507
C007,Northgate Manufacturing,Manufacturing,USD,2023-Q4,2023-10-01,2023-12-31,243061462.0,167832146.06,39715013.25,16392218.34,14341563.27,50898601.36,35332982.02,14678403.84,257407842.64,229722870.62,11667654.35,24410560.89,0.39,0.203,0.065,0.25,0.545,0.948,0.507
C007,Northgate Manufacturing,Manufacturing,USD,2024-Q1,2024-01-01,2024-03-31,243208467.91,163815313.05,41811634.43,19297116.07,13713303.27,53456264.85,39106983.59,19907867.05,234837317.45,237792668.11,12241562.06,21346078.11,0.39,0.203,0.065,0.25,0.545,0.948,0.507
C007,Northgate Manufacturing,Manufacturing,USD,2024-Q2,2024-04-01,2024-06-30,256401181.36,177279880.38,45831499.6,18277881.17,11258940.16,75006450.94,53289542.95,20945916.83,253843406.91,243095405.39,22377670.75,19869419.57,0.39,0.203,0.065,0.25,0.545,0.948,0.507
C007,Northgate Manufacturing,Manufacturing,USD,2024-Q3,2024-07-01,2024-09-30,260988915.63,180521756.15,46138624.14,15455135.26,14155050.06,47661612.87,31922600.7,11643072.87,253320396.18,248697121.31,14005961.03,23044854.52,0.39,0.203,0.065,0.25,0.545,0.948,0.507
C007,Northgate Manufacturing,Manufacturing,USD,2024-Q4,2024-10-01,2024-12-31,272084765.08,183153252.71,47183210.2,19763700.24,16488451.45,60493757.62,42913371.93,11056878.02,306231132.21,258367095.48,11044605.46,19024709.21,0.39,0.203,0.065,0.25,0.545,0.948,0.507
C008,Ironvale Industrial Works,Manufacturing,USD,2023-Q1,2023-01-01,2023-03-31,204838315.4,141184410.31,27760895.45,13728180.79,16623621.63,65123268.88,44748335.36,25284095.02,149378736.37,154040292.94,10703948.85,22810833.52,0.347,0.305,0.158,0.242,0.343,1.009,0.571
C008,Ironvale Industrial Works,Manufacturing,USD,2023-Q2,2023-04-01,2023-06-30,204356663.31,143977776.4,28395703.77,7811372.19,18128858.21,58707640.05,41932621.35,19595574.46,139376500.18,163612411.5,12282024.16,23507928.13,0.347,0.305,0.158,0.242,0.343,1.009,0.571
C008,Ironvale Industrial Works,Manufacturing,USD,2023-Q3,2023-07-01,2023-09-30,217332085.79,156082577.95,28930528.13,8813422.25,17629168.1,59770043.33,44476544.88,15145249.79,171227139.45,173403658.42,14343128.47,24101150.47,0.347,0.305,0.158,0.242,0.343,1.009,0.571
C008,Ironvale Industrial Works,Manufacturing,USD,2023-Q4,2023-10-01,2023-12-31,220042241.47,154235405.19,29680249.27,9800450.63,19744602.28,65556492.04,45944574.2,18317492.15,159569702.59,181901121.69,16265980.59,26287082.27,0.347,0.305,0.158,0.242,0.343,1.009,0.571
C008,Ironvale Industrial Works,Manufacturing,USD,2024-Q1,2024-01-01,2024-03-31,227050325.88,163164067.32,31359482.76,10996191.2,16147938.45,43279672.69,31962266.11,6817138.99,192380846.83,189691513.15,7521602.97,25729668.31,0.347,0.305,0.158,0.242,0.343,1.009,0.571
C008,Ironvale Industrial Works,Manufacturing,USD,2024-Q2,2024-04-01,2024-06-30,235568269.49,165128390.25,31575094.66,17512761.73,16014017.14,52682603.34,39310673.98,20028159.06,201922344.22,198312452.84,11499422.39,23012171.8,0.347,0.305,0.158,0.242,0.343,1.009,0.571
C008,Ironvale Industrial Works,Manufacturing,USD,2024-Q3,2024-07-01,2024-09-30,243033447.57,173031731.09,32658824.52,14476595.22,17149722.55,42569343.06,29220124.6,9374795.11,208606053.0,204241077.85,6913798.59,23106802.77,0.347,0.305,0.158,0.242,0.343,1.009,0.571
C008,Ironvale Industrial Works,Manufacturing,USD,2024-Q4,2024-10-01,2024-12-31,251829051.79,180649340.92,34214316.58,14622205.85,16757391.34,62751079.03,45321557.52,24317001.56,207015115.35,213521359.19,13713792.03,23279900.01,0.347,0.305,0.158,0.242,0.343,1.009,0.571
C009,Wovenfield Textiles,Textiles & Apparel,USD,2023-Q1,2023-01-01,2023-03-31,308341961.2,216045954.64,39391232.14,11465685.81,31079316.46,74417219.2,57582550.54,23495557.26,226869850.07,275111190.03,11456775.66,42165438.64,0.217,0.432,0.371,0.294,0.468,1.379,0.746
C009,Wovenfield Textiles,Textiles & Apparel,USD,2023-Q2,2023-04-01,2023-06-30,306101691.67,218704810.33,38004703.58,12401047.3,27743347.84,76024017.13,57386002.86,15252744.32,233360049.78,288511730.43,19645807.74,35513261.61,0.217,0.432,0.371,0.294,0.468,1.379,0.746
C009,Wovenfield Textiles,Textiles & Apparel,USD,2023-Q3,2023-07-01,2023-09-30,310247128.63,217092860.66,41906621.84,17586411.81,25245925.73,65541671.44,49641446.93,19830082.38,251108755.19,298525898.04,15650602.48,37808689.39,0.217,0.432,0.371,0.294,0.468,1.379,0.746
C009,Wovenfield Textiles,Textiles & Apparel,USD,2023-Q4,2023-10-01,2023-12-31,318812017.3,227303805.32,40424426.86,23608408.38,20606532.55,86863839.28,65143589.12,29207781.93,251580204.36,307529626.91,26313962.14,38046539.27,0.217,0.432,0.371,0.294,0.468,1.379,0.746
C009,Wovenfield Textiles,Textiles & Apparel,USD,2024-Q1,2024-01-01,2024-03-31,324114558.31,226367692.82,40777903.66,17410902.04,29668544.84,86151977.5,65343310.54,16534707.94,277837603.33,323899310.61,13052145.77,38183953.66,0.217,0.432,0.371,0.294,0.468,1.379,0.746
C009,Wovenfield Textiles,Textiles & Apparel,USD,2024-Q2,2024-04-01,2024-06-30,327257699.6,226151509.15,41731402.77,16992216.81,31786928.15,68391435.49,53107390.37,26209321.24,316368989.99,340975928.4,23674668.54,36656632.76,0.217,0.432,0.371,0.294,0.468,1.379,0.746
C009,Wovenfield Textiles,Textiles & Apparel,USD,2024-Q3,2024-07-01,2024-09-30,332442526.12,237462895.79,41200016.85,18145943.19,26725252.72,74132774.98,58250078.39,23836706.5,322989180.69,349756770.11,20797012.02,42384548.9,0.217,0.432,0.371,0.294,0.468,1.379,0.746
C009,Wovenfield Textiles,Textiles & Apparel,USD,2024-Q4,2024-10-01,2024-12-31,343449235.64,240294205.34,44111179.59,16476751.8,31925324.18,69842090.43,53349264.41,25005564.95,305973418.07,366506271.21,21947608.54,42824864.82,0.217,0.432,0.371,0.294,0.468,1.379,0.746
C010,Bluepeak Apparel Group,Textiles & Apparel,USD,2023-Q1,2023-01-01,2023-03-31,194963519.29,138615726.3,24961096.45,4973370.07,19809994.85,53344409.56,39367031.46,13262507.35,59510834.87,78253927.42,15873136.44,23810903.14,0.188,0.456,0.405,0.307,0.321,1.235,0.631
C010,Bluepeak Apparel Group,Textiles & Apparel,USD,2023-Q2,2023-04-01,2023-06-30,202235857.26,145545888.61,26086292.3,4364177.14,19679624.41,35547981.8,26007174.3,6890500.92,59009135.17,84967894.55,11184160.23,26271847.64,0.188,0.456,0.405,0.307,0.321,1.235,0.631
C010,Bluepeak Apparel Group,Textiles & Apparel,USD,2023-Q3,2023-07-01,2023-09-30,205649892.97,148226816.94,28316806.72,5937790.2,17376359.33,41917897.95,29218694.04,9317128.71,74512285.97,94499941.07,12447311.3,21020474.66,0.188,0.456,0.405,0.307,0.321,1.235,0.631
C010,Bluepeak Apparel Group,Textiles & Apparel,USD,2023-Q4,2023-10-01,2023-12-31,204557918.93,144381733.5,27423876.01,4484444.99,21200898.33,58422451.1,40050606.03,16960374.48,75464413.81,102862102.97,13266213.6,26230702.39,0.188,0.456,0.405,0.307,0.321,1.235,0.631
C010,Bluepeak Apparel Group,Textiles & Apparel,USD,2024-Q1,2024-01-01,2024-03-31,201882482.43,142639391.13,25456295.11,6853944.3,20199638.92,40651785.18,27697476.16,10873904.76,77629695.81,110225951.68,9968563.74,28519631.3,0.188,0.456,0.405,0.307,0.321,1.235,0.631
C010,Bluepeak Apparel Group,Textiles & Apparel,USD,2024-Q2,2024-04-01,2024-06-30,197514779.46,144827234.43,25463962.27,4658598.02,16923738.55,36992387.41,27180765.27,13504828.32,81190226.07,117117482.27,7919309.61,19574402.18,0.188,0.456,0.405,0.307,0.321,1.235,0.631
C010,Bluepeak Apparel Group,Textiles & Apparel,USD,2024-Q3,2024-07-01,2024-09-30,201595494.1,143659026.14,27794073.33,5067131.25,18806447.54,37904366.37,26516388.32,6841444.03,101844259.2,125727415.44,12147457.29,27473253.12,0.188,0.456,0.405,0.307,0.321,1.235,0.631
C010,Bluepeak Apparel Group,Textiles & Apparel,USD,2024-Q4,2024-10-01,2024-12-31,198552849.44,143183596.83,25887245.17,8508217.02,15730342.81,40273776.76,27208514.87,11061590.96,109713533.29,132322479.75,10017474.31,22735833.36,0.188,0.456,0.405,0.307,0.321,1.235,0.631
C011,Fernbrook Foods,Food Processing,USD,2023-Q1,2023-01-01,2023-03-31,380128125.66,273224070.17,68312817.82,11344749.37,20434866.22,102228529.9,58757575.4,17753000.58,163027485.29,227824036.16,18729547.24,32004601.77,0.279,0.287,0.243,0.214,0.22,1.018,0.593
C011,Fernbrook Foods,Food Processing,USD,2023-Q2,2023-04-01,2023-06-30,362937940.19,256027876.23,67613171.42,13545612.99,19313459.66,83633385.75,45460734.99,20751214.66,177315576.64,233841387.86,27998791.58,29044952.27,0.279,0.287,0.243,0.214,0.22,1.018,0.593
C011,Fernbrook Foods,Food Processing,USD,2023-Q3,2023-07-01,2023-09-30,349524863.5,243099644.45,64588968.0,12451450.99,22038600.04,76334825.69,42134282.38,17761512.18,179471876.72,242240354.24,24866277.4,32770134.61,0.279,0.287,0.243,0.214,0.22,1.018,0.593
C011,Fernbrook Foods,Food Processing,USD,2023-Q4,2023-10-01,2023-12-31,331306801.74,237117627.8,59985421.5,18005848.01,12148428.32,81730800.03,45972439.69,30202542.89,189852726.82,247640683.73,18380667.43,19823093.3,0.279,0.287,0.243,0.214,0.22,1.018,0.593
C011,Fernbrook Foods,Food Processing,USD,2024-Q1,2024-01-01,2024-03-31,300215289.76,216291714.08,53752171.86,10655529.7,14636905.59,109033311.04,59885461.69,24107186.96,172940491.03,254317121.34,22979786.89,23780642.43,0.279,0.287,0.243,0.214,0.22,1.018,0.593
C011,Fernbrook Foods,Food Processing,USD,2024-Q2,2024-04-01,2024-06-30,294084102.61,206268484.84,53945448.57,12071180.45,16349241.57,86260051.34,48868755.16,17560959.33,177849149.92,259696725.57,15347796.42,16346182.62,0.279,0.287,0.243,0.214,0.22,1.018,0.593
C011,Fernbrook Foods,Food Processing,USD,2024-Q3,2024-07-01,2024-09-30,282665111.84,206097091.51,53411610.09,13939976.61,6912325.23,90666503.88,51847408.14,23371022.14,170588124.56,263758492.6,14250940.88,11256335.34,0.279,0.287,0.243,0.214,0.22,1.018,0.593
C011,Fernbrook Foods,Food Processing,USD,2024-Q4,2024-10-01,2024-12-31,257381130.43,188701373.6,44319153.23,15854104.23,6379874.54,59019844.32,32425501.21,11151175.02,205599932.59,266432744.55,15166897.79,13898362.77,0.279,0.287,0.243,0.214,0.22,1.018,0.593
C012,Millstone Food Processors,Food Processing,USD,2023-Q1,2023-01-01,2023-03-31,422140741.28,299506837.14,82143258.98,11435987.83,21790993.01,123069854.45,71043685.93,30347224.89,123614878.09,363336875.71,27360866.16,36700039.21,0.163,0.302,0.127,0.169,0.21,0.983,0.682
C012,Millstone Food Processors,Food Processing,USD,2023-Q2,2023-04-01,2023-06-30,423757195.47,307579981.1,83022041.0,5611003.11,20658127.7,155903315.21,92198379.58,43487502.23,105891140.17,369838717.58,52576114.74,40307393.75,0.163,0.302,0.127,0.169,0.21,0.983,0.682
C012,Millstone Food Processors,Food Processing,USD,2023-Q3,2023-07-01,2023-09-30,428974723.03,297971474.16,83681460.49,9427740.65,28420535.8,107776511.43,60136561.6,32812260.05,128635896.75,379137169.93,34793207.28,48863728.02,0.163,0.302,0.127,0.169,0.21,0.983,0.682
C012,Millstone Food Processors,Food Processing,USD,2023-Q4,2023-10-01,2023-12-31,447015451.6,324746590.49,85552941.44,8613740.41,21076634.45,120088692.4,67979164.89,38213824.95,128418235.18,386527942.88,28455249.76,32752457.81,0.163,0.302,0.127,0.169,0.21,0.983,0.682
C012,Millstone Food Processors,Food Processing,USD,2024-Q1,2024-01-01,2024-03-31,448609450.27,309937637.82,86895245.47,8657490.77,32339307.16,171077848.1,98461470.25,46103195.35,124681393.74,398441430.97,40092643.3,33429275.95,0.163,0.302,0.127,0.169,0.21,0.983,0.682
C012,Millstone Food Processors,Food Processing,USD,2024-Q2,2024-04-01,2024-06-30,461146496.58,335711252.86,89067753.43,8699011.85,20751358.83,164656146.44,93253669.21,56878697.69,138182557.6,408595478.25,38798581.91,44156676.71,0.163,0.302,0.127,0.169,0.21,0.983,0.682
C012,Millstone Food Processors,Food Processing,USD,2024-Q3,2024-07-01,2024-09-30,474654418.7,339307622.42,96197403.46,9104455.74,22533702.81,144203012.19,80964761.99,38203324.21,127896856.82,416698036.67,27845461.54,37247482.12,0.163,0.302,0.127,0.169,0.21,0.983,0.682
C012,Millstone Food Processors,Food Processing,USD,2024-Q4,2024-10-01,2024-12-31,463707633.52,335868985.23,87797780.19,10141849.15,22424264.21,110411246.18,64810884.88,31174376.7,123465780.91,424603804.54,36056461.11,40039133.4,0.163,0.302,0.127,0.169,0.21,0.983,0.682
C013,Graniteworks Materials,Construction Materials,USD,2023-Q1,2023-01-01,2023-03-31,322137225.67,230780872.86,37219889.67,14945598.87,29393148.21,53929209.28,62874122.28,11767411.85,239977778.16,200680957.59,9501143.8,39937500.59,0.466,0.211,0.063,0.149,0.45,1.143,0.562
C013,Graniteworks Materials,Construction Materials,USD,2023-Q2,2023-04-01,2023-06-30,333594080.08,247219198.74,39824548.03,24621595.73,16446553.18,54936250.72,60497836.34,20719320.22,264362436.6,205692907.61,16936313.08,28523935.27,0.466,0.211,0.063,0.149,0.45,1.143,0.562
C013,Graniteworks Materials,Construction Materials,USD,2023-Q3,2023-07-01,2023-09-30,348173790.1,250136172.98,41857072.39,20477650.99,26777170.3,44639581.08,49620950.96,16157707.81,266179028.66,216251263.22,15577644.39,37169894.06,0.466,0.211,0.063,0.149,0.45,1.143,0.562
C013,Graniteworks Materials,Construction Materials,USD,2023-Q4,2023-10-01,2023-12-31,358361406.58,260545412.54,44667781.24,18605969.61,25906682.38,41595596.32,49088344.53,6841907.24,268347425.68,229318563.81,14136625.48,29238890.26,0.466,0.211,0.063,0.149,0.45,1.143,0.562
C013,Graniteworks Materials,Construction Materials,USD,2024-Q1,2024-01-01,2024-03-31,375129128.15,276080922.91,43738366.76,18307836.04,27751501.83,64298770.05,75568782.88,14084763.94,317963530.61,241244901.54,22048291.12,38100980.18,0.466,0.211,0.063,0.149,0.45,1.143,0.562
C013,Graniteworks Materials,Construction Materials,USD,2024-Q2,2024-04-01,2024-06-30,385242832.56,282853955.51,45440167.03,17380586.19,29676092.87,62582266.98,68232953.15,9991952.18,329670432.3,250940455.05,11990738.24,41572513.98,0.466,0.211,0.063,0.149,0.45,1.143,0.562
C013,Graniteworks Materials,Construction Materials,USD,2024-Q3,2024-07-01,2024-09-30,384834875.94,275876846.12,44521357.24,19958076.05,33358947.39,70334961.66,79345809.57,22690093.0,301807015.24,270188704.14,24377917.25,43536046.26,0.466,0.211,0.063,0.149,0.45,1.143,0.562
C013,Graniteworks Materials,Construction Materials,USD,2024-Q4,2024-10-01,2024-12-31,388686086.06,285090998.21,44544336.6,18694635.41,30267086.88,55332168.2,64670683.61,19311762.88,343831921.58,281758005.06,18343774.53,43457772.17,0.466,0.211,0.063,0.149,0.45,1.143,0.562
C014,Stonebridge Building Supply,Construction Materials,USD,2023-Q1,2023-01-01,2023-03-31,99420705.83,71669643.34,14551833.76,8159925.35,3779477.53,15771415.13,13205985.33,6066125.73,103758412.46,79368756.33,4663213.06,6156355.59,0.416,0.232,0.275,0.061,0.526,1.174,0.609
C014,Stonebridge Building Supply,Construction Materials,USD,2023-Q2,2023-04-01,2023-06-30,101989101.26,76689234.01,14093255.58,6071413.76,3851398.43,20370160.45,17391966.07,5067596.02,101924472.5,81375169.17,6261344.81,8542071.25,0.416,0.232,0.275,0.061,0.526,1.174,0.609
C014,Stonebridge Building Supply,Construction Materials,USD,2023-Q3,2023-07-01,2023-09-30,103115438.82,74965584.01,14987523.76,10561184.72,1950859.75,25775739.04,22522322.21,7979031.79,123573119.11,82201772.78,6309554.17,4814422.35,0.416,0.232,0.275,0.061,0.526,1.174,0.609
C014,Stonebridge Building Supply,Construction Materials,USD,2023-Q4,2023-10-01,2023-12-31,105323320.91,79376318.31,14695144.22,10265948.53,739432.39,23711607.68,20750728.16,7151200.6,125270753.76,82472440.06,6679468.68,3771259.36,0.416,0.232,0.275,0.061,0.526,1.174,0.609
C014,Stonebridge Building Supply,Construction Materials,USD,2024-Q1,2024-01-01,2024-03-31,105851665.51,78399693.75,14279334.65,8524924.63,3485784.36,20503840.01,16898543.44,3336388.61,111195143.02,84298365.0,6149945.36,4156117.77,0.416,0.232,0.275,0.061,0.526,1.174,0.609
C014,Stonebridge Building Supply,Construction Materials,USD,2024-Q2,2024-04-01,2024-06-30,104876923.48,77844117.18,15219915.87,5966335.48,4384916.21,26849292.81,22637844.33,8293480.43,111252315.25,86205188.22,8022540.35,9068859.42,0.416,0.232,0.275,0.061,0.526,1.174,0.609
C014,Stonebridge Building Supply,Construction Materials,USD,2024-Q3,2024-07-01,2024-09-30,108680921.44,82391137.62,15821797.76,7893157.11,1931121.71,28530396.06,23609259.19,10855084.65,116258767.33,86836665.83,6174908.07,2474403.52,0.416,0.232,0.275,0.061,0.526,1.174,0.609
C014,Stonebridge Building Supply,Construction Materials,USD,2024-Q4,2024-10-01,2024-12-31,108954645.79,83091508.84,14726916.84,9444438.13,1268836.48,25316551.34,21512192.72,9380890.32,111869619.82,87387617.25,7030241.89,2469812.44,0.416,0.232,0.275,0.061,0.526,1.174,0.609
C015,Verdant Agrochemicals,Agrochemicals,USD,2023-Q1,2023-01-01,2023-03-31,40187898.43,26422968.26,5883951.82,729864.25,5363335.57,11975759.18,7321680.62,3663224.17,11722450.08,23491918.97,2119900.49,6211089.24,0.291,0.301,0.307,0.231,0.468,0.951,0.484
C015,Verdant Agrochemicals,Agrochemicals,USD,2023-Q2,2023-04-01,2023-06-30,37466212.81,23446164.83,5444780.39,975402.75,5699898.63,12359289.1,7604704.21,4203461.23,12915107.68,26788690.08,3021984.57,7055384.67,0.291,0.301,0.307,0.231,0.468,0.951,0.484
C015,Verdant Agrochemicals,Agrochemicals,USD,2023-Q3,2023-07-01,2023-09-30,38351461.05,24761032.21,5868741.63,958922.23,5072073.73,13155502.16,8136971.9,3513573.27,13627351.27,28640376.57,4504970.13,6108600.68,0.291,0.301,0.307,0.231,0.468,0.951,0.484
C015,Verdant Agrochemicals,Agrochemicals,USD,2023-Q4,2023-10-01,2023-12-31,39089975.2,24981905.15,6000291.2,867303.59,5430356.44,8942250.71,5293889.38,1715492.55,16677699.16,30941096.84,2462050.6,6152758.71,0.291,0.301,0.307,0.231,0.468,0.951,0.484
C015,Verdant Agrochemicals,Agrochemicals,USD,2024-Q1,2024-01-01,2024-03-31,38347119.17,25206769.36,5732055.25,1671438.45,4302642.08,8645650.72,5460421.41,1838136.86,18095339.11,33510133.11,1751386.35,5579310.92,0.291,0.301,0.307,0.231,0.468,0.951,0.484
C015,Verdant Agrochemicals,Agrochemicals,USD,2024-Q2,2024-04-01,2024-06-30,38891571.62,25496041.32,6064995.05,1330794.28,4499805.72,9401077.06,5846189.12,3726636.54,17538747.12,35223385.32,3262261.54,6078603.5,0.291,0.301,0.307,0.231,0.468,0.951,0.484
C015,Verdant Agrochemicals,Agrochemicals,USD,2024-Q3,2024-07-01,2024-09-30,39969136.36,25742026.22,5977673.68,1401944.59,5135618.9,9748388.34,6129466.61,1772320.27,20131713.96,37115143.62,1830186.23,5891333.35,0.291,0.301,0.307,0.231,0.468,0.951,0.484
C015,Verdant Agrochemicals,Agrochemicals,USD,2024-Q4,2024-10-01,2024-12-31,39851165.63,24838069.94,5847363.47,1406198.81,5819650.05,7792337.06,5040960.36,2302104.36,19314639.85,39920039.78,1202705.86,7250689.91,0.291,0.301,0.307,0.231,0.468,0.951,0.484
C016,Sunridge Electronics Assembly,Electronics Assembly,USD,2023-Q1,2023-01-01,2023-03-31,267303159.5,197252937.69,35665291.45,11580885.16,17103033.9,59692366.98,41491130.37,9229004.07,215976174.37,199369325.24,14196976.04,21712567.48,0.221,0.611,0.517,0.308,0.383,1.218,0.701
C016,Sunridge Electronics Assembly,Electronics Assembly,USD,2023-Q2,2023-04-01,2023-06-30,267937037.48,195349600.9,35741947.07,12917565.26,17945943.18,53497351.58,38143257.32,13560646.69,237675924.89,205837123.84,9914845.86,24896923.03,0.221,0.611,0.517,0.308,0.383,1.218,0.701
C016,Sunridge Electronics Assembly,Electronics Assembly,USD,2023-Q3,2023-07-01,2023-09-30,264966606.18,202946294.46,37035580.82,19111984.31,4404559.94,82315824.14,55799376.39,23672456.85,216952433.12,207970785.28,13634071.03,16036286.86,0.221,0.611,0.517,0.308,0.383,1.218,0.701
C016,Sunridge Electronics Assembly,Electronics Assembly,USD,2023-Q4,2023-10-01,2023-12-31,268151817.04,196116429.97,36719987.26,18829541.46,12364393.76,63247491.02,44847551.48,14423816.01,222260256.05,212328519.61,21750288.27,22641242.83,0.221,0.611,0.517,0.308,0.383,1.218,0.701
C016,Sunridge Electronics Assembly,Electronics Assembly,USD,2024-Q1,2024-01-01,2024-03-31,263711859.93,202193307.78,36092158.79,19254000.02,4629295.0,74261000.53,54106347.29,22624739.09,233872531.73,215088476.53,24902245.6,6707008.14,0.221,0.611,0.517,0.308,0.383,1.218,0.701
C016,Sunridge Electronics Assembly,Electronics Assembly,USD,2024-Q2,2024-04-01,2024-06-30,251965367.31,190156723.94,33155522.0,16655031.77,8998567.2,51851029.21,37419941.11,18740250.46,229677435.03,220360670.0,13170907.16,19312836.99,0.221,0.611,0.517,0.308,0.383,1.218,0.701
C016,Sunridge Electronics Assembly,Electronics Assembly,USD,2024-Q3,2024-07-01,2024-09-30,246873949.74,188647472.19,32979220.23,13908646.17,8503958.37,42460083.28,30794377.75,7852860.68,238930822.97,223625262.22,10114649.37,13670717.34,0.221,0.611,0.517,0.308,0.383,1.218,0.701
C016,Sunridge Electronics Assembly,Electronics Assembly,USD,2024-Q4,2024-10-01,2024-12-31,220670250.57,166312427.08,28355577.99,14008579.2,8995249.73,51097655.22,35176426.2,12491302.7,235791276.49,227713963.15,13085508.39,14285058.93,0.221,0.611,0.517,0.308,0.383,1.218,0.701
C017,Torquehill Auto Components,Auto Components,USD,2023-Q1,2023-01-01,2023-03-31,424075227.5,309382583.3,57524981.81,8250517.63,36687858.56,112837133.74,86623922.34,30460342.02,164457345.02,167299425.19,38997545.78,47033417.82,0.232,0.423,0.383,0.262,0.527,1.209,0.67
C017,Torquehill Auto Components,Auto Components,USD,2023-Q2,2023-04-01,2023-06-30,456246811.27,331709797.56,62438714.17,14313824.17,35838356.53,88294524.23,66558910.77,32217144.21,186617249.04,182242831.49,21159824.31,33361330.69,0.232,0.423,0.383,0.262,0.527,1.209,0.67
C017,Torquehill Auto Components,Auto Components,USD,2023-Q3,2023-07-01,2023-09-30,503052948.36,367894527.01,67996144.2,10472135.99,42517605.87,121407207.82,94575711.73,38692864.19,169629059.03,204140483.77,24608644.39,56957605.73,0.232,0.423,0.383,0.262,0.527,1.209,0.67
C017,Torquehill Auto Components,Auto Components,USD,2023-Q4,2023-10-01,2023-12-31,527622855.94,401581069.71,73285766.49,16465775.49,27217683.19,86632992.79,65371383.76,15679230.06,197675204.45,218894734.41,17126761.26,43299665.71,0.232,0.423,0.383,0.262,0.527,1.209,0.67
C017,Torquehill Auto Components,Auto Components,USD,2024-Q1,2024-01-01,2024-03-31,548844011.85,414240974.79,77305368.05,14663509.37,31975619.73,125527504.01,94355464.23,24412353.25,246989672.99,231025398.28,34221544.61,43276007.32,0.232,0.423,0.383,0.262,0.527,1.209,0.67
C017,Torquehill Auto Components,Auto Components,USD,2024-Q2,2024-04-01,2024-06-30,507971352.71,373477441.72,66779414.01,12773617.96,41205659.27,105049976.55,80521979.98,24369595.55,226818286.92,252740567.61,17642750.21,43220959.3,0.232,0.423,0.383,0.262,0.527,1.209,0.67
C017,Torquehill Auto Components,Auto Components,USD,2024-Q3,2024-07-01,2024-09-30,554687465.26,413537828.75,76738038.82,21308279.06,32327488.97,156301409.43,113393225.23,40417561.33,249966938.27,271450834.81,47417957.84,54424131.04,0.232,0.423,0.383,0.262,0.527,1.209,0.67
C017,Torquehill Auto Components,Auto Components,USD,2024-Q4,2024-10-01,2024-12-31,614202343.77,465210967.5,81256970.04,15567332.79,39125305.08,164485608.19,122792740.42,59908141.9,287522938.73,283686780.45,27892919.4,54125984.99,0.232,0.423,0.383,0.262,0.527,1.209,0.67
C018,Cedarline Packaging Co,Packaging,USD,2023-Q1,2023-01-01,2023-03-31,113887321.01,78375103.8,19162425.55,2858721.11,10118302.91,36011324.74,24686136.28,6681036.37,30461505.73,54242887.93,9193403.77,12577189.25,0.304,0.234,0.154,0.155,0.367,1.027,0.628
C018,Cedarline Packaging Co,Packaging,USD,2023-Q2,2023-04-01,2023-06-30,114173872.43,77159040.2,18726741.51,1958317.55,12247329.88,31072729.19,23016324.82,8640106.16,36687335.38,61360000.29,6267724.81,14506950.48,0.304,0.234,0.154,0.155,0.367,1.027,0.628
C018,Cedarline Packaging Co,Packaging,USD,2023-Q3,2023-07-01,2023-09-30,116591921.16,79800130.44,19168521.28,2615229.19,11256030.17,22527853.12,15205352.81,5943704.4,41477341.81,65033156.02,7310431.39,14835105.29,0.304,0.234,0.154,0.155,0.367,1.027,0.628
C018,Cedarline Packaging Co,Packaging,USD,2023-Q4,2023-10-01,2023-12-31,113674201.84,80748368.75,18183208.1,2738707.71,9002937.97,23184623.29,15801228.05,4945903.82,40902995.45,69499685.88,6747988.52,11546191.59,0.304,0.234,0.154,0.155,0.367,1.027,0.628
C018,Cedarline Packaging Co,Packaging,USD,2024-Q1,2024-01-01,2024-03-31,115248372.28,77783947.08,19627984.59,3726755.31,10582263.97,24395649.02,17519607.73,6935516.2,47253669.56,73482477.48,5107807.23,11299243.22,0.304,0.234,0.154,0.155,0.367,1.027,0.628
C018,Cedarline Packaging Co,Packaging,USD,2024-Q2,2024-04-01,2024-06-30,112025248.15,76389163.93,18489513.11,2989544.89,10617769.67,30792361.94,22089816.64,9141632.51,46531275.24,79195918.32,10569186.48,12956637.31,0.304,0.234,0.154,0.155,0.367,1.027,0.628
C018,Cedarline Packaging Co,Packaging,USD,2024-Q3,2024-07-01,2024-09-30,105224782.99,74917620.49,17078014.01,3160124.49,7551768.0,28997992.86,20534822.22,9594213.34,47118912.36,83170950.66,9391648.54,9645257.54,0.304,0.234,0.154,0.155,0.367,1.027,0.628
C018,Cedarline Packaging Co,Packaging,USD,2024-Q4,2024-10-01,2024-12-31,103874359.64,69859046.11,17024432.22,4416744.51,9430602.6,23007293.18,16829957.25,5401097.97,50814371.88,88512525.34,6689497.93,10328882.12,0.304,0.234,0.154,0.155,0.367,1.027,0.628
C019,Lakeside Hospitality Group,Hospitality,USD,2023-Q1,2023-01-01,2023-03-31,10586025.25,4778802.37,3539052.56,537414.59,1298066.8,1097455.29,1903545.06,437612.88,7689135.18,9246414.92,181901.74,1517661.93,0.105,0.174,0.002,0.03,0.375,1.649,0.319
C019,Lakeside Hospitality Group,Hospitality,USD,2023-Q2,2023-04-01,2023-06-30,11190902.23,5136204.27,3763920.44,429162.66,1396211.14,953058.73,1794207.79,205557.99,9158289.07,9905555.31,330907.66,1821925.19,0.105,0.174,0.002,0.03,0.375,1.649,0.319
C019,Lakeside Hospitality Group,Hospitality,USD,2023-Q3,2023-07-01,2023-09-30,11970629.58,5368376.79,4159275.78,585190.21,1393340.1,1354828.51,2475809.23,395523.76,8397810.44,10627813.04,221958.83,1750318.52,0.105,0.174,0.002,0.03,0.375,1.649,0.319
C019,Lakeside Hospitality Group,Hospitality,USD,2023-Q4,2023-10-01,2023-12-31,12787853.11,5627290.58,4458622.75,502192.59,1649810.4,922249.92,1606523.68,192451.31,10363909.81,11364733.01,239466.49,1887570.68,0.105,0.174,0.002,0.03,0.375,1.649,0.319
C019,Lakeside Hospitality Group,Hospitality,USD,2024-Q1,2024-01-01,2024-03-31,13693114.74,6056731.39,4759580.81,703847.45,1629716.33,1442347.6,2554058.89,311300.9,9454525.79,12079638.03,337098.21,1898480.02,0.105,0.174,0.002,0.03,0.375,1.649,0.319
C019,Lakeside Hospitality Group,Hospitality,USD,2024-Q2,2024-04-01,2024-06-30,14621168.72,6507149.84,4853083.9,889223.38,1778783.7,1102239.23,1950151.64,398918.69,10266054.0,12638487.58,217700.11,2037227.15,0.105,0.174,0.002,0.03,0.375,1.649,0.319
C019,Lakeside Hospitality Group,Hospitality,USD,2024-Q3,2024-07-01,2024-09-30,16087948.0,7070111.93,5547270.19,818018.03,1989410.89,1322804.77,2508439.93,395250.54,10560643.24,13309272.7,460665.34,2202329.27,0.105,0.174,0.002,0.03,0.375,1.649,0.319
C019,Lakeside Hospitality Group,Hospitality,USD,2024-Q4,2024-10-01,2024-12-31,17021064.67,7825039.48,5871882.07,1024138.52,1725003.45,1623533.03,2988690.29,377384.32,13117466.27,14042526.4,546138.45,2042577.06,0.105,0.174,0.002,0.03,0.375,1.649,0.319
C020,Brightframe IT Services,IT Services,USD,2023-Q1,2023-01-01,2023-03-31,355298775.79,133632326.67,124024482.71,7584332.86,67543225.16,131908965.33,67409900.94,39161192.34,107064153.74,187399565.19,37312953.64,75819060.54,0.104,0.117,0.427,0.056,0.213,0.49,0.2
C020,Brightframe IT Services,IT Services,USD,2023-Q2,2023-04-01,2023-06-30,321056768.59,119198670.39,108308211.45,6764521.67,65089023.81,108033070.14,57243723.93,33958412.02,132720575.08,219125790.28,31766390.28,71784782.16,0.104,0.117,0.427,0.056,0.213,0.49,0.2
C020,Brightframe IT Services,IT Services,USD,2023-Q3,2023-07-01,2023-09-30,295212890.86,106728433.17,97512285.82,13531682.14,58080367.29,71944261.94,38094509.92,14779833.26,153838199.19,246853867.74,21353295.22,71399324.51,0.104,0.117,0.427,0.056,0.213,0.49,0.2
C020,Brightframe IT Services,IT Services,USD,2023-Q4,2023-10-01,2023-12-31,280200494.3,106051715.49,96816645.32,10193612.68,50353890.61,68257651.47,37631133.77,16610218.66,173041237.16,263557514.18,23127653.32,62493190.38,0.104,0.117,0.427,0.056,0.213,0.49,0.2
C020,Brightframe IT Services,IT Services,USD,2024-Q1,2024-01-01,2024-03-31,256791480.3,94448104.47,89155095.71,10854205.33,46750556.09,102736851.29,55443747.42,16718986.52,195164192.09,285328123.15,34381969.93,56607514.09,0.104,0.117,0.427,0.056,0.213,0.49,0.2
C020,Brightframe IT Services,IT Services,USD,2024-Q2,2024-04-01,2024-06-30,244776045.87,90655795.32,78872872.9,19374161.7,41904911.96,64640829.44,36158271.97,24892398.23,206516288.8,303715161.18,21810626.77,48402304.62,0.104,0.117,0.427,0.056,0.213,0.49,0.2
C020,Brightframe IT Services,IT Services,USD,2024-Q3,2024-07-01,2024-09-30,220292278.22,79620615.31,72464151.29,11946559.66,42195713.97,70030400.18,38520617.49,13361917.39,226340207.7,327921222.06,18394412.39,47157392.11,0.104,0.117,0.427,0.056,0.213,0.49,0.2
C020,Brightframe IT Services,IT Services,USD,2024-Q4,2024-10-01,2024-12-31,207818765.53,78833573.51,72549744.11,18066966.94,28776360.72,69965115.77,39288045.17,27253031.92,234975730.49,336661154.29,18689134.36,35067256.98,0.104,0.117,0.427,0.056,0.213,0.49,0.2
