sample_id,net_margin,operating_margin,gross_margin,current_ratio,quick_ratio,debt_to_equity,interest_coverage,operating_cash_flow_margin,revenue_growth,composite_health_score,risk_label
S0001,0.1892,0.2359,0.4099,1.282,0.738,0.85,-4.102,0.3039,0.1119,63.5,Medium
S0002,0.0537,0.0726,0.1894,1.102,0.721,1.38,5.101,0.081,0.009,39.13,High
S0003,0.1541,0.1581,0.2259,1.738,1.161,1.336,5.835,0.1581,0.1245,64.13,Medium
S0004,0.0559,0.0713,0.1501,2.511,2.218,1.35,-3.556,0.0705,-0.022,48.16,Medium
S0005,-0.1277,-0.086,0.0182,0.245,0.1,2.005,10.706,-0.0897,0.0355,16.65,High
S0006,0.1795,0.26,0.4964,0.882,0.513,1.308,-4.143,0.223,0.3028,58.56,Medium
S0007,0.1176,0.1918,0.4193,1.36,0.951,0.429,-0.337,0.2009,0.1947,62.81,Medium
S0008,-0.0292,0.0298,0.2318,1.587,1.042,1.696,4.372,0.0613,0.0671,38.15,High
S0009,0.1162,0.1212,0.3698,1.658,1.133,0.0,0.298,0.1981,0.0644,64.69,Medium
S0010,-0.1122,-0.0511,0.0441,2.176,1.818,1.143,9.305,-0.1371,-0.0891,42.34,Medium
S0011,0.0423,0.0971,0.2621,0.483,0.1,0.578,2.235,-0.0305,-0.0515,23.69,High
S0012,0.0593,0.1172,0.3308,2.312,1.975,0.522,10.918,0.0899,-0.0362,70.11,Low
S0013,0.046,0.1166,0.2144,0.951,0.649,1.063,-0.438,0.0633,0.0306,32.84,High
S0014,0.1626,0.2288,0.2853,1.282,0.734,0.59,6.649,0.1782,-0.0863,67.01,Low
S0015,-0.0261,0.0473,0.2758,2.302,2.034,1.204,14.767,-0.059,-0.1977,49.16,Medium
S0016,0.1758,0.181,0.3316,1.078,0.873,0.335,3.19,0.2183,-0.091,65.33,Low
S0017,-0.003,0.0166,0.2147,1.168,0.913,0.72,2.779,0.016,-0.0487,31.77,High
S0018,0.1222,0.1953,0.2997,1.667,1.394,1.256,11.046,0.1676,-0.1828,73.78,Low
S0019,0.1009,0.1678,0.3708,1.948,1.434,0.0,4.635,0.033,0.0012,62.98,Medium
S0020,0.1758,0.1485,0.366,0.832,0.28,0.744,10.296,0.2435,0.0894,64.03,Medium
S0021,0.0731,0.1149,0.3487,1.871,1.545,1.585,9.338,0.1036,0.0089,64.16,Medium
S0022,0.096,0.0402,0.1225,1.338,0.783,1.495,3.664,0.059,0.013,36.7,High
S0023,0.0661,0.0995,0.1766,1.972,1.73,1.123,9.805,-0.0007,0.0516,54.54,Medium
S0024,0.0073,0.0262,0.2632,1.307,0.772,0.115,-1.263,-0.0378,0.2373,27.64,High
S0025,0.0184,0.0476,0.1683,0.881,0.372,2.721,10.264,-0.0043,0.1077,24.65,High
S0026,-0.0148,-0.0381,0.0776,2.038,1.765,0.671,3.25,0.0427,0.077,43.29,Medium
S0027,0.0246,0.006,0.1125,1.993,1.62,1.447,5.492,0.0821,0.1346,47.45,Medium
S0028,-0.0025,-0.021,0.1768,1.889,1.601,0.514,-4.196,0.1051,0.1291,45.49,Medium
S0029,0.1293,0.1883,0.3751,1.266,0.806,0.701,15.856,0.1771,-0.0257,69.8,Low
S0030,0.1019,0.1016,0.2006,1.036,0.601,1.746,5.731,0.1266,0.0313,44.18,Medium
S0031,0.0549,0.0676,0.2806,2.214,1.711,0.45,1.677,0.1299,0.1111,59.39,Medium
S0032,0.1104,0.1327,0.2462,1.046,0.68,1.679,7.934,0.0813,-0.0727,47.06,Medium
S0033,0.0698,0.1516,0.2931,1.553,1.253,0.601,1.146,0.0716,-0.0205,51.08,Medium
S0034,0.012,0.0422,0.1245,0.596,0.176,1.527,7.794,-0.0451,0.0659,19.65,High
S0035,0.1208,0.1199,0.1953,1.336,0.744,2.347,-3.49,0.2655,-0.0798,45.31,Medium
S0036,0.1483,0.2074,0.382,1.671,1.318,1.388,5.038,0.2281,0.039,72.28,Low
S0037,0.0449,0.1078,0.1693,1.802,1.375,0.268,1.445,0.0339,0.1243,47.18,Medium
S0038,0.1478,0.1732,0.272,2.153,1.939,0.425,11.089,0.1648,0.0451,81.0,Low
S0039,0.0294,0.0327,0.2007,1.748,1.313,3.142,-0.887,-0.0134,0.0912,26.07,High
S0040,0.1976,0.2296,0.4129,0.386,0.1,0.248,-4.528,0.2235,-0.2391,56.79,Medium
S0041,-0.059,-0.0451,0.0386,1.618,1.251,1.626,7.386,0.018,0.0298,37.29,High
S0042,0.0873,0.1327,0.2122,1.182,0.774,0.428,5.897,0.1026,-0.0496,51.42,Medium
S0043,0.0004,-0.0059,0.1625,1.443,1.026,1.566,1.478,-0.0499,0.1525,22.56,High
S0044,0.0117,0.0294,0.105,2.028,1.626,0.161,6.447,0.0074,0.2566,48.4,Medium
S0045,0.0599,0.0228,0.1285,2.47,2.027,2.282,-0.589,0.1255,-0.0566,46.32,Medium
S0046,0.0802,0.072,0.2802,1.028,0.704,1.561,5.246,0.0327,-0.0074,37.17,High
S0047,-0.0072,0.0489,0.1186,1.981,1.543,0.0,-3.951,0.0839,-0.0182,47.3,Medium
S0048,-0.0076,0.0717,0.1376,1.413,1.096,0.908,5.022,0.0924,0.0807,44.02,Medium
S0049,0.1253,0.1904,0.2587,1.815,1.521,0.77,-5.0,0.0389,-0.0922,54.18,Medium
S0050,0.1078,0.1412,0.2446,2.473,2.032,0.981,5.37,0.091,0.0334,65.17,Low
S0051,-0.084,-0.0117,0.1795,2.517,2.315,1.72,3.76,-0.0655,-0.0401,36.63,High
S0052,0.0707,0.1103,0.3102,0.66,0.276,0.912,1.255,0.2057,0.0192,43.42,Medium
S0053,0.1991,0.2232,0.4298,0.673,0.275,1.996,4.947,0.2984,0.0566,56.93,Medium
S0054,0.1845,0.2338,0.3327,1.368,1.018,0.66,0.551,0.144,0.3097,62.09,Medium
S0055,0.1338,0.1537,0.3965,1.778,1.289,0.0,2.806,0.1306,-0.2068,67.51,Low
S0056,0.1554,0.1773,0.2717,2.698,2.234,0.705,4.534,0.2248,-0.038,78.53,Low
S0057,0.0032,0.0649,0.2987,0.275,0.1,2.051,5.809,-0.0149,0.0096,20.76,High
S0058,0.0612,0.1133,0.2023,0.937,0.433,0.93,6.573,0.0197,0.0729,36.18,High
S0059,0.1582,0.2028,0.3132,1.347,0.863,0.95,9.669,0.1723,-0.0768,69.86,Low
S0060,0.0157,0.0517,0.1563,1.667,1.334,1.622,10.406,0.0855,-0.0821,51.12,Medium
S0061,-0.0213,0.0064,0.1942,0.774,0.403,0.668,0.977,-0.0171,0.1714,18.5,High
S0062,0.0779,0.1821,0.2434,1.24,0.89,1.18,5.959,0.2018,-0.0714,59.85,Medium
S0063,0.1373,0.1735,0.3706,1.824,1.281,0.4,3.96,0.071,-0.1211,63.17,Medium
S0064,0.1543,0.1703,0.2867,1.526,1.303,0.67,7.327,0.1162,-0.0786,67.29,Low
S0065,0.0739,0.1329,0.3031,1.034,0.796,0.451,12.218,0.0372,0.1894,51.67,Medium
S0066,0.0009,0.0913,0.3382,0.841,0.625,1.547,8.737,0.0174,0.0354,36.35,High
S0067,0.1283,0.1622,0.3105,0.953,0.73,1.851,11.272,0.1872,0.0645,60.68,Medium
S0068,0.1274,0.1374,0.1928,0.947,0.467,1.233,4.835,0.1818,0.0955,50.2,Medium
S0069,0.0818,0.1285,0.3308,1.627,1.06,1.259,7.008,0.0684,0.0362,54.3,Medium
S0070,0.0039,0.0181,0.0872,2.096,1.616,1.376,12.875,0.0144,0.3938,47.81,Medium
S0071,0.0395,0.0772,0.1933,1.605,1.08,0.92,11.995,0.0715,0.0625,52.84,Medium
S0072,-0.0218,0.0207,0.2004,1.065,0.69,2.87,2.814,-0.0747,-0.0538,14.49,High
S0073,0.0554,0.1018,0.2087,1.772,1.443,1.238,0.058,0.0444,-0.0801,43.84,Medium
S0074,-0.047,0.015,0.1341,1.937,1.385,1.544,-3.926,0.0162,0.0513,32.93,High
S0075,0.1164,0.1578,0.3686,0.576,0.253,1.395,7.105,0.068,-0.0877,42.99,Medium
S0076,-0.0051,0.0142,0.1319,0.618,0.342,1.06,-1.313,0.0091,0.157,15.2,High
S0077,-0.0572,-0.0334,0.1586,1.17,0.642,1.814,2.622,0.0181,0.0815,22.59,High
S0078,0.0291,0.0735,0.1787,1.961,1.685,1.029,3.723,0.0844,-0.093,51.22,Medium
S0079,0.1515,0.1955,0.3896,2.065,1.668,1.701,10.421,0.1758,-0.1694,79.44,Low
S0080,-0.106,-0.0683,0.1702,0.897,0.595,1.431,-2.537,-0.1084,0.2112,13.49,High
S0081,-0.0368,0.0193,0.2567,1.7,1.254,1.519,8.091,-0.0744,0.1636,37.63,High
S0082,-0.0167,0.021,0.0735,1.667,1.184,0.409,-2.074,0.0469,0.0523,35.88,High
S0083,0.1634,0.1921,0.2867,1.931,1.621,1.239,1.086,0.2657,-0.0752,69.73,Low
S0084,0.0296,0.0629,0.1713,1.582,1.246,0.657,5.778,-0.0878,0.0253,39.02,High
S0085,0.0318,0.0373,0.2052,1.221,0.863,0.736,-4.626,-0.0048,0.1453,28.61,High
S0086,-0.1299,-0.1229,0.0392,2.359,1.888,0.61,9.87,-0.1469,0.1511,46.42,Medium
S0087,-0.0623,-0.0001,0.116,0.834,0.375,1.194,1.774,-0.0146,-0.04,15.77,High
S0088,0.1158,0.1591,0.3105,1.157,0.953,1.385,13.278,0.1828,0.1471,65.13,Low
S0089,0.338,0.3834,0.5448,1.787,1.313,0.689,1.722,0.3903,0.0091,79.28,Low
S0090,0.0724,0.1351,0.3799,1.311,0.815,1.795,7.483,0.0121,-0.0076,44.4,Medium
S0091,0.0749,0.1283,0.3451,1.556,0.993,1.045,0.968,0.0818,0.0323,47.5,Medium
S0092,0.0569,0.0303,0.2121,1.431,1.026,0.827,6.196,0.0229,-0.1654,42.32,Medium
S0093,0.0287,0.0816,0.3016,1.83,1.493,0.837,5.155,0.0575,0.0947,53.53,Medium
S0094,-0.0225,0.0094,0.2443,1.854,1.429,0.758,-5.0,-0.0336,-0.0329,34.14,High
S0095,-0.0318,0.0032,0.0546,0.2,0.1,0.35,6.186,-0.0759,0.0336,18.9,High
S0096,0.0345,0.0736,0.2749,1.26,0.731,0.0,1.373,0.0541,-0.043,39.95,High
S0097,0.1163,0.1379,0.3754,1.247,1.039,1.227,12.453,0.1028,0.0212,61.31,Medium
S0098,0.0984,0.1276,0.3363,0.548,0.227,0.248,-3.77,0.0786,-0.0957,36.8,High
S0099,0.1125,0.1606,0.3211,1.257,0.726,0.654,5.795,0.1738,-0.0556,60.56,Medium
S0100,0.1547,0.1392,0.3018,1.79,1.29,0.743,11.52,0.1993,0.0252,77.57,Low
S0101,-0.1376,-0.1682,-0.0924,1.203,0.716,1.046,4.518,-0.0703,0.0464,22.52,High
S0102,0.1706,0.2008,0.3798,1.985,1.559,2.97,5.689,0.2096,0.093,71.17,Low
S0103,0.2289,0.2827,0.5303,2.172,1.604,1.075,-1.757,0.2753,-0.0482,79.58,Low
S0104,0.069,0.0905,0.3141,2.49,2.138,1.045,2.32,0.1443,-0.0095,62.88,Medium
S0105,0.0221,0.0814,0.1412,1.379,0.99,1.493,12.734,0.0781,0.2054,46.9,Medium
S0106,-0.0161,0.0209,0.1317,1.275,0.857,1.071,-2.357,-0.0619,-0.1357,20.15,High
S0107,0.1042,0.1961,0.269,0.357,0.1,1.655,-2.954,0.1091,0.1615,34.77,High
S0108,0.1095,0.1003,0.3354,0.224,0.1,1.797,4.083,0.1046,0.1367,36.68,High
S0109,0.1477,0.217,0.4392,1.995,1.46,1.186,4.403,0.1559,-0.1155,73.81,Low
S0110,-0.026,-0.0044,0.123,2.192,1.89,1.702,8.857,-0.0176,0.1014,42.61,Medium
S0111,0.0381,0.1077,0.3408,0.745,0.389,2.154,3.184,0.0805,0.0955,31.43,High
S0112,-0.0333,0.012,0.0794,1.056,0.457,1.25,2.63,0.009,0.0228,20.89,High
S0113,0.0611,0.1108,0.3479,1.422,1.165,0.0,-0.142,0.1595,0.0762,56.49,Medium
S0114,-0.0591,-0.0753,0.1527,2.259,1.781,1.915,5.584,-0.0156,-0.1303,38.8,High
S0115,0.1444,0.1643,0.3045,0.952,0.485,1.246,3.307,0.1846,-0.002,52.84,Medium
S0116,0.0016,0.0797,0.3228,0.982,0.615,0.48,-1.331,0.0733,-0.1745,34.38,High
S0117,0.1434,0.1658,0.2711,1.625,1.099,0.422,7.23,0.1691,-0.1207,69.89,Low
S0118,0.0447,0.1161,0.338,1.795,1.51,1.343,7.829,0.101,0.1242,61.0,Medium
S0119,0.0927,0.1205,0.182,0.356,0.1,1.13,6.509,0.0458,0.1074,34.69,High
S0120,0.2449,0.2773,0.4033,1.57,1.226,0.283,4.914,0.2249,-0.0356,79.86,Low
S0121,0.0555,0.126,0.2903,1.646,1.425,2.745,2.076,0.047,-0.183,41.92,Medium
S0122,0.1856,0.2447,0.3643,0.636,0.19,1.049,7.627,0.1233,0.2062,56.73,Medium
S0123,0.1308,0.1596,0.2943,0.979,0.76,0.676,-4.337,0.1939,0.173,53.79,Medium
S0124,-0.0031,0.0373,0.1536,1.581,1.205,0.382,8.734,0.0137,0.2727,45.67,Medium
S0125,0.0642,0.0664,0.2829,1.747,1.226,1.833,1.062,0.0778,0.0094,43.38,Medium
S0126,-0.0562,-0.0341,0.1799,1.531,0.946,0.0,11.491,-0.0407,-0.0477,40.51,Medium
S0127,0.0353,0.021,0.1869,1.184,0.594,1.036,10.433,0.0682,0.1324,41.82,Medium
S0128,0.1247,0.1734,0.3947,1.272,1.036,0.365,4.019,0.1455,0.0783,63.2,Medium
S0129,0.0213,0.0608,0.2131,0.53,0.1,0.23,-3.805,0.0482,0.0885,25.35,High
S0130,0.1074,0.1544,0.4021,0.651,0.416,0.267,6.749,0.0931,0.0396,51.01,Medium
S0131,0.003,0.0499,0.226,1.153,0.569,1.187,-1.457,0.0444,0.3452,26.65,High
S0132,0.1815,0.2331,0.4347,0.334,0.1,1.898,0.446,0.1666,0.0101,47.57,Medium
S0133,-0.0356,-0.0424,0.0332,0.91,0.43,0.453,6.351,-0.0272,0.0086,24.29,High
S0134,0.1137,0.1395,0.3192,1.659,1.293,0.897,4.363,0.0946,-0.0733,59.02,Medium
S0135,0.1292,0.1726,0.2541,1.554,1.103,1.487,8.208,0.1948,0.0179,67.54,Low
S0136,0.1848,0.2217,0.3579,1.555,1.184,0.485,7.156,0.3471,-0.015,78.49,Low
S0137,0.0664,0.083,0.1392,2.249,1.831,0.668,-3.144,0.0485,-0.175,48.45,Medium
S0138,0.1169,0.2309,0.3636,0.483,0.167,0.491,9.847,0.1228,-0.0458,56.93,Medium
S0139,0.044,0.0967,0.2753,1.127,0.684,0.899,-1.723,0.0838,-0.1844,36.95,High
S0140,0.02,0.0728,0.1784,1.725,1.368,1.819,8.161,0.0623,0.1413,48.37,Medium
S0141,0.1275,0.1444,0.2883,1.631,1.161,1.763,-0.213,0.1022,0.0852,49.29,Medium
S0142,0.0536,0.027,0.1704,0.381,0.1,1.946,12.212,0.0128,-0.0095,27.09,High
S0143,0.0638,0.1473,0.2013,1.138,0.651,0.738,7.25,0.01,0.0095,42.03,Medium
S0144,-0.0894,-0.091,0.1448,1.373,1.116,0.476,3.007,-0.0543,0.1479,29.12,High
S0145,-0.1763,-0.1712,-0.0412,1.346,1.069,1.187,2.628,-0.1826,0.0005,24.13,High
S0146,0.1634,0.1714,0.3977,1.501,0.973,0.79,8.315,0.245,0.0223,73.85,Low
S0147,0.041,0.0612,0.2149,1.87,1.406,1.165,-1.064,0.0127,0.2872,39.53,High
S0148,0.044,0.0508,0.2128,1.555,1.024,0.903,2.566,0.0555,-0.1359,41.0,Medium
S0149,0.0521,0.091,0.2404,1.447,1.11,0.934,16.328,0.1154,-0.0673,57.75,Medium
S0150,0.1132,0.1209,0.2926,1.208,0.656,0.0,-1.171,0.1337,-0.019,49.68,Medium
S0151,0.0955,0.0891,0.328,0.749,0.521,0.0,-0.916,0.1364,0.2297,44.17,Medium
S0152,0.0884,0.1352,0.2112,0.835,0.526,0.152,-1.754,0.1284,-0.1048,42.64,Medium
S0153,0.0888,0.0797,0.1587,1.131,0.852,1.227,9.561,0.071,0.0367,47.52,Medium
S0154,-0.0283,-0.0107,0.0568,1.001,0.568,0.011,-5.0,-0.0611,0.1053,18.38,High
S0155,-0.0839,-0.0949,0.1543,1.05,0.681,1.45,6.981,-0.14,0.0023,23.68,High
S0156,-0.0856,0.0177,0.1357,0.824,0.337,0.0,10.087,0.0555,-0.0271,37.27,High
S0157,-0.0588,-0.0959,-0.0155,1.226,0.781,1.155,5.778,-0.0227,-0.0079,26.64,High
S0158,-0.0391,0.0108,0.111,1.889,1.654,0.005,-2.454,-0.0569,-0.0968,34.31,High
S0159,0.128,0.1685,0.4079,1.618,1.153,1.84,6.114,0.1514,0.2077,63.76,Medium
S0160,0.0704,0.0912,0.166,1.509,1.183,1.866,3.772,0.1558,-0.2064,49.9,Medium
S0161,0.055,0.0838,0.3187,2.711,2.407,0.715,4.117,-0.0251,-0.0612,52.14,Medium
S0162,0.1485,0.1596,0.2993,2.12,1.58,1.362,1.952,0.1565,-0.0665,66.21,Low
S0163,-0.0295,-0.0309,0.0514,0.831,0.583,1.154,5.056,0.0755,-0.0502,29.07,High
S0164,0.0866,0.126,0.3055,1.809,1.539,1.229,2.85,0.0888,-0.1341,56.21,Medium
S0165,-0.0125,-0.0012,0.1227,1.642,1.15,0.364,5.275,-0.0442,-0.0066,34.49,High
S0166,-0.0021,0.0459,0.1316,1.956,1.45,0.545,-1.64,0.0305,0.1374,40.23,Medium
S0167,0.0846,0.1818,0.3691,1.231,0.913,1.329,0.229,0.1629,0.0734,52.12,Medium
S0168,0.0831,0.1337,0.3293,1.494,1.087,2.056,8.354,0.087,0.0306,53.83,Medium
S0169,0.0776,0.1184,0.2863,0.552,0.224,0.325,1.103,0.1293,0.0097,39.54,High
S0170,0.0777,0.0709,0.1515,1.723,1.331,0.493,4.727,0.2076,0.0279,62.49,Medium
S0171,-0.0024,0.0224,0.1743,1.317,0.916,0.0,-0.332,0.0101,0.0102,31.21,High
S0172,0.009,0.0337,0.1603,1.889,1.587,1.279,1.563,0.0576,0.0751,41.93,Medium
S0173,0.1379,0.1893,0.3555,1.346,0.783,1.744,1.066,0.1265,0.0518,50.58,Medium
S0174,0.0974,0.1027,0.2319,1.348,1.049,0.846,3.292,0.1094,0.1999,50.55,Medium
S0175,-0.0494,-0.0442,0.205,1.135,0.62,0.643,8.985,0.0136,0.0393,35.54,High
S0176,0.0266,0.0874,0.1629,0.95,0.556,0.691,7.396,0.1605,0.0374,47.27,Medium
S0177,-0.0089,-0.0144,0.0517,0.429,0.1,1.572,5.963,0.0001,0.0978,17.41,High
S0178,0.0754,0.082,0.1525,1.207,0.684,0.0,9.744,0.1688,0.0336,58.7,Medium
S0179,0.1103,0.157,0.2968,1.701,1.221,0.574,9.071,0.179,-0.0548,72.6,Low
S0180,-0.006,0.0046,0.0688,0.85,0.376,1.523,3.603,0.0645,-0.0065,22.98,High
S0181,0.0408,0.0414,0.2121,0.978,0.556,0.95,-0.738,0.0303,0.1959,26.56,High
S0182,0.0781,0.0779,0.1622,1.32,0.772,0.852,5.283,0.0791,0.2004,44.19,Medium
S0183,-0.1057,-0.0729,0.1207,1.336,0.794,0.723,10.545,-0.0669,-0.0707,32.78,High
S0184,-0.0017,0.0115,0.1677,2.136,1.908,1.319,-1.992,-0.0481,0.094,31.7,High
S0185,-0.0611,-0.0379,0.0688,0.774,0.3,0.934,6.266,0.012,0.1028,23.11,High
S0186,0.0666,0.0742,0.2967,1.119,0.902,1.236,-5.0,0.0473,0.1745,35.52,High
S0187,0.0671,0.0546,0.2277,1.384,0.825,1.28,2.346,0.0508,0.2846,37.25,High
S0188,0.1503,0.2049,0.268,0.848,0.412,0.41,5.275,0.0883,-0.2149,50.87,Medium
S0189,0.0886,0.0944,0.2387,1.697,1.098,1.973,2.842,0.1091,0.1365,47.34,Medium
S0190,0.161,0.1807,0.3562,1.565,1.046,0.907,3.46,0.25,0.1751,67.88,Low
S0191,0.103,0.1845,0.3139,2.293,1.872,3.29,-1.366,0.0885,0.0803,51.59,Medium
S0192,0.0958,0.1843,0.4023,1.898,1.657,1.493,-0.324,0.1861,0.1775,64.61,Medium
S0193,0.114,0.1501,0.2051,1.357,0.832,1.022,0.182,0.0815,-0.0602,43.69,Medium
S0194,0.08,0.1092,0.2631,1.675,1.402,2.026,2.795,0.0783,0.0879,48.28,Medium
S0195,-0.1053,-0.099,0.0138,0.444,0.1,2.058,2.337,-0.0707,0.1643,6.85,High
S0196,0.018,0.074,0.2418,1.137,0.765,1.24,9.211,0.0288,-0.1225,40.67,Medium
S0197,-0.0374,0.0044,0.1991,1.617,1.058,1.536,2.922,-0.0364,-0.085,27.88,High
S0198,0.1868,0.1406,0.3736,1.145,0.883,2.185,0.786,0.1728,0.0144,52.74,Medium
S0199,0.0972,0.114,0.2359,0.924,0.652,1.052,6.03,0.1042,-0.0491,46.44,Medium
S0200,0.211,0.2353,0.34,2.003,1.565,0.584,4.046,0.231,0.0612,81.23,Low
S0201,0.2483,0.2883,0.4868,1.579,1.277,1.03,5.107,0.2668,0.0237,79.25,Low
S0202,0.1152,0.1289,0.3016,3.063,2.626,1.07,-2.73,0.141,-0.082,63.27,Medium
S0203,0.0202,0.0815,0.3119,1.713,1.364,2.286,-1.363,0.1166,0.1526,43.47,Medium
S0204,0.112,0.1163,0.1745,1.141,0.59,0.825,-5.0,0.188,0.0203,46.87,Medium
S0205,0.0164,0.0296,0.0836,0.908,0.319,1.285,6.336,0.0264,-0.1077,25.93,High
S0206,0.068,0.0541,0.1131,0.987,0.619,0.746,1.985,0.1857,0.0723,42.92,Medium
S0207,0.0905,0.1094,0.2911,0.2,0.1,1.314,3.194,0.1036,0.1183,36.03,High
S0208,-0.0799,-0.0676,0.0896,2.374,1.843,0.0,-2.812,-0.0665,-0.0267,36.71,High
S0209,-0.0592,0.0291,0.1352,1.661,1.416,1.506,2.288,-0.0534,0.1033,29.84,High
S0210,-0.0866,-0.0087,0.0956,2.105,1.713,0.354,-1.229,-0.0541,0.0379,33.55,High
S0211,0.0182,0.0178,0.1599,1.373,1.014,0.52,10.962,0.0341,0.1824,45.28,Medium
S0212,0.012,0.0494,0.2748,0.466,0.221,0.905,7.359,-0.0056,0.0102,27.55,High
S0213,-0.018,0.0491,0.1818,1.602,1.062,1.809,7.444,-0.0691,-0.0535,32.69,High
S0214,-0.0303,0.0215,0.2256,0.635,0.174,0.0,3.761,-0.0931,0.0935,21.42,High
S0215,0.094,0.1813,0.241,1.167,0.572,0.022,-0.331,0.1307,-0.229,48.63,Medium
S0216,0.0567,0.056,0.1628,0.807,0.334,1.014,10.302,0.077,-0.0622,39.54,High
S0217,0.0378,0.0275,0.0823,1.724,1.128,0.565,2.795,0.029,0.0555,39.23,High
S0218,0.0944,0.1228,0.1802,1.061,0.63,1.377,3.946,0.0986,0.3212,41.76,Medium
S0219,-0.0135,0.0254,0.2397,2.382,1.986,0.525,6.307,0.0194,-0.032,51.82,Medium
S0220,0.1282,0.1699,0.3737,1.377,0.812,1.161,4.266,0.1162,0.2333,55.79,Medium
S0221,-0.0345,0.0083,0.1006,2.368,1.994,0.485,-0.364,0.0016,-0.1348,39.12,High
S0222,0.0169,-0.0176,0.1627,1.125,0.796,1.76,-1.885,0.0768,-0.0541,26.48,High
S0223,0.2041,0.2566,0.4417,0.896,0.566,0.816,3.238,0.2878,-0.0598,65.23,Low
S0224,0.0682,0.1269,0.3646,1.312,0.752,0.0,-0.753,0.1041,0.0135,48.4,Medium
S0225,0.0667,0.1279,0.2431,1.27,0.811,0.507,10.442,0.1322,0.0648,58.91,Medium
S0226,0.2215,0.2065,0.2567,1.601,1.386,1.211,-0.98,0.276,0.1569,67.05,Low
S0227,0.0845,0.0589,0.2778,1.711,1.46,0.0,9.593,0.1113,-0.0683,67.19,Low
S0228,0.1495,0.1592,0.3464,1.597,1.215,2.137,5.619,0.1927,0.125,65.2,Low
S0229,-0.0531,-0.0038,0.1075,1.575,1.263,1.351,4.531,-0.1868,0.0515,29.43,High
S0230,0.1178,0.1612,0.3632,2.303,1.704,0.059,5.401,0.1597,0.1553,77.15,Low
S0231,0.0926,0.0957,0.1946,1.138,0.596,0.753,7.605,0.1201,0.1846,49.89,Medium
S0232,0.0334,0.0775,0.323,2.226,1.889,0.679,7.818,0.1307,0.0588,66.42,Low
S0233,0.0337,0.0864,0.2587,1.202,0.775,1.826,12.507,0.0908,0.0353,46.31,Medium
S0234,0.0551,0.1019,0.2605,1.504,1.059,1.908,-1.131,0.0535,0.0417,37.06,High
S0235,0.2392,0.2565,0.3698,1.097,0.76,0.0,-0.512,0.3958,0.1009,66.42,Low
S0236,-0.0395,-0.0108,0.1669,1.865,1.575,1.272,1.571,0.0198,-0.0538,37.12,High
S0237,-0.033,-0.0558,0.168,0.907,0.628,1.219,-1.397,-0.1702,-0.0953,14.74,High
S0238,0.0175,0.0294,0.2773,1.063,0.49,0.987,3.81,-0.0042,0.0229,27.9,High
S0239,-0.0089,0.0262,0.208,0.88,0.595,1.299,1.984,0.0184,0.0199,23.7,High
S0240,-0.0181,0.014,0.079,0.88,0.648,0.749,6.551,-0.0328,0.3325,25.5,High
S0241,0.1397,0.2088,0.4522,2.419,2.092,0.0,1.992,0.1876,0.0482,80.88,Low
S0242,0.0848,0.1544,0.2676,1.839,1.564,0.233,11.264,0.1098,-0.0448,71.45,Low
S0243,0.0041,0.0146,0.1571,0.694,0.202,0.863,1.332,0.0794,0.0652,24.07,High
S0244,0.0839,0.0916,0.2431,1.599,1.227,0.934,8.856,0.1043,0.1251,59.27,Medium
S0245,0.0159,-0.0085,0.0965,1.799,1.317,1.296,2.431,-0.0044,0.0962,33.3,High
S0246,0.0984,0.1116,0.2803,0.914,0.442,2.145,7.909,0.1005,0.0645,42.54,Medium
S0247,0.0739,0.0216,0.1028,1.372,1.002,1.173,9.083,0.0779,-0.0969,46.57,Medium
S0248,0.0892,0.1094,0.1868,1.24,0.959,0.0,2.252,0.1091,-0.0637,50.1,Medium
S0249,0.141,0.1954,0.3714,1.251,0.94,0.927,3.647,0.1516,0.0603,60.98,Medium
S0250,0.1278,0.1209,0.2296,0.438,0.1,1.175,6.274,0.0763,0.2442,39.37,High
S0251,0.0052,0.0402,0.2011,0.857,0.385,1.125,16.859,0.0403,0.2228,34.54,High
S0252,0.1685,0.2096,0.4315,1.983,1.739,2.121,4.9,0.056,-0.0109,63.47,Medium
S0253,0.1189,0.1417,0.3301,0.932,0.644,0.95,4.142,0.1214,0.1773,49.94,Medium
S0254,-0.0165,0.0229,0.2486,0.544,0.115,1.008,12.915,0.0324,-0.1771,31.55,High
S0255,-0.2199,-0.168,-0.0405,2.028,1.698,1.245,7.808,-0.2223,-0.0211,39.12,High
S0256,0.0623,0.1086,0.3345,1.936,1.599,0.07,12.896,0.052,-0.0382,66.49,Low
S0257,0.0541,0.0861,0.2936,1.39,0.938,1.122,-5.0,0.1681,0.0123,47.5,Medium
S0258,0.1123,0.1009,0.1616,1.03,0.437,0.59,7.411,0.0997,-0.0243,46.9,Medium
S0259,0.0379,0.1064,0.202,0.676,0.381,0.239,0.348,-0.0228,-0.0581,24.25,High
S0260,-0.1213,-0.1219,0.0711,1.622,1.358,0.298,-2.912,-0.1583,0.0248,29.29,High
S0261,0.1381,0.1952,0.2514,0.994,0.544,0.775,3.095,0.26,-0.1814,56.51,Medium
S0262,0.0389,0.1052,0.1969,1.046,0.48,0.844,-3.182,0.0886,0.11,33.46,High
S0263,0.1058,0.1096,0.2863,0.905,0.338,2.507,4.431,0.0664,0.0516,33.22,High
S0264,-0.0617,-0.0676,0.0271,1.156,0.767,1.405,6.353,-0.0966,-0.035,23.55,High
S0265,0.0845,0.0956,0.1544,1.643,1.133,1.158,11.167,0.0959,0.1715,56.8,Medium
S0266,0.1103,0.0963,0.2916,0.942,0.625,0.937,6.766,0.1931,0.067,55.85,Medium
S0267,0.0199,-0.0126,0.2132,1.414,0.96,2.474,9.583,0.0791,-0.0854,40.35,Medium
S0268,0.0138,0.041,0.2613,1.675,1.265,0.238,9.386,0.0389,-0.1775,53.31,Medium
S0269,0.0554,0.0938,0.192,1.214,0.888,1.131,-1.918,0.0046,0.1647,31.11,High
S0270,0.1676,0.2073,0.4534,1.981,1.612,0.362,11.791,0.2145,-0.0163,88.99,Low
S0271,-0.0001,0.0376,0.2081,1.785,1.517,1.259,1.653,0.0066,-0.0608,38.04,High
S0272,0.0455,0.1322,0.2537,1.595,1.194,1.591,9.085,0.024,0.0207,49.93,Medium
S0273,-0.104,-0.0403,0.1073,1.444,1.104,1.426,-0.068,-0.1171,0.1052,20.98,High
S0274,0.0829,0.0983,0.231,1.469,1.103,0.224,2.503,0.1199,0.0086,53.4,Medium
S0275,-0.0672,-0.0075,0.2414,1.154,0.679,1.104,6.527,0.0091,-0.0555,31.65,High
S0276,0.1128,0.1487,0.3215,2.445,2.065,1.294,5.755,0.1466,-0.0293,70.7,Low
S0277,0.1345,0.1176,0.3183,1.09,0.843,1.3,8.849,0.1373,0.1237,58.27,Medium
S0278,0.0645,0.0677,0.1791,1.235,0.814,1.3,5.056,0.0049,-0.1682,35.26,High
S0279,0.0982,0.1038,0.2137,1.83,1.542,0.012,11.535,0.1358,-0.0203,71.96,Low
S0280,-0.0241,-0.0094,0.1649,1.886,1.558,1.765,2.197,-0.0562,-0.0212,30.35,High
S0281,-0.1762,-0.1498,-0.0444,1.854,1.618,1.813,7.693,-0.0936,0.0237,35.52,High
S0282,0.1513,0.1371,0.2782,0.976,0.379,0.213,4.025,0.13,0.0751,51.46,Medium
S0283,-0.1027,-0.1366,0.0627,1.897,1.411,0.998,8.588,-0.0618,0.0478,39.38,High
S0284,0.1586,0.1666,0.2175,1.39,0.979,0.727,4.328,0.1803,-0.0958,62.88,Medium
S0285,0.1322,0.1329,0.1874,1.238,0.68,0.0,8.009,0.1183,0.1764,58.21,Medium
S0286,0.017,0.0455,0.2903,1.247,0.91,1.027,5.869,0.0405,0.1317,40.29,Medium
S0287,-0.0017,-0.0012,0.0828,1.455,1.234,1.497,9.871,-0.0305,-0.0581,35.86,High
S0288,-0.0693,0.0216,0.2538,1.664,1.284,0.999,6.292,-0.0619,0.1591,37.67,High
S0289,0.2681,0.2697,0.3394,0.917,0.525,1.73,3.39,0.2899,-0.068,59.27,Medium
S0290,0.1401,0.1587,0.3918,1.735,1.373,0.836,4.048,0.1999,0.2276,72.15,Low
S0291,0.1127,0.1668,0.2445,1.011,0.688,1.12,-2.402,0.1163,0.0201,43.57,Medium
S0292,0.0141,0.0885,0.3029,2.155,1.93,1.057,-0.215,0.0347,0.0316,46.01,Medium
S0293,-0.063,-0.0492,0.0861,1.627,1.167,0.593,6.11,-0.0521,-0.3144,33.74,High
S0294,0.0164,0.0787,0.3027,1.462,1.066,0.468,4.01,-0.0288,0.2253,39.27,High
S0295,0.0525,0.0839,0.2494,1.764,1.493,0.547,6.227,0.0413,-0.2241,54.6,Medium
S0296,0.0552,0.0408,0.1133,1.497,1.075,0.511,-4.502,0.0202,0.152,34.96,High
S0297,0.2609,0.3127,0.5151,1.162,0.566,2.442,3.151,0.3866,0.1972,61.48,Medium
S0298,-0.0967,-0.0867,0.0304,1.356,0.903,3.097,-0.848,-0.0652,0.104,11.63,High
S0299,0.0599,0.0932,0.2122,1.459,1.243,1.229,6.566,0.1505,0.1424,56.4,Medium
S0300,0.0664,0.0613,0.1195,1.279,1.021,0.665,-0.211,0.027,-0.1681,34.43,High
S0301,0.0389,0.0248,0.1241,1.183,0.84,1.266,7.331,0.0314,-0.0224,36.21,High
S0302,0.1084,0.1169,0.1754,2.058,1.625,1.421,8.165,0.0295,0.1925,56.99,Medium
S0303,0.0953,0.1556,0.3883,1.427,0.964,1.257,2.597,0.1587,-0.1604,56.66,Medium
S0304,0.0113,0.1026,0.3164,1.269,1.038,1.235,0.687,0.022,0.1319,35.46,High
S0305,-0.0029,0.0508,0.2664,1.98,1.722,3.269,8.745,0.0334,-0.0751,44.71,Medium
S0306,0.0513,0.1241,0.2173,2.213,1.925,0.121,6.192,0.0092,-0.1485,57.55,Medium
S0307,0.0815,0.1272,0.2154,1.673,1.101,0.311,3.528,0.0262,-0.2104,48.86,Medium
S0308,0.1267,0.1341,0.2465,2.01,1.534,1.413,1.025,0.0544,0.0448,52.8,Medium
S0309,0.0176,0.0344,0.2303,0.561,0.295,0.304,8.087,0.0525,0.0755,34.79,High
S0310,-0.025,-0.018,0.1775,2.374,2.161,0.372,5.525,0.1163,0.0423,56.93,Medium
S0311,0.1916,0.1994,0.2506,1.741,1.282,0.464,0.357,0.261,0.173,69.57,Low
S0312,0.1961,0.2802,0.4618,1.229,0.736,1.499,-0.421,0.1644,0.089,59.55,Medium
S0313,0.044,0.0733,0.2856,1.817,1.322,0.0,5.14,0.0988,-0.1532,58.55,Medium
S0314,0.0011,0.0058,0.057,2.295,1.796,0.43,6.37,0.049,0.0765,50.6,Medium
S0315,0.0959,0.135,0.1977,2.006,1.762,1.557,8.016,0.1317,0.1658,64.63,Medium
S0316,0.0769,0.1129,0.2666,0.29,0.1,0.532,-1.339,0.1686,0.0905,39.47,High
S0317,0.0573,0.0704,0.2106,1.945,1.346,0.86,3.978,0.1207,-0.2023,55.36,Medium
S0318,0.0548,0.0719,0.298,1.124,0.759,2.347,2.542,0.0894,0.2694,35.32,High
S0319,0.0105,0.0949,0.195,2.38,2.058,1.215,3.705,-0.0007,0.0391,46.49,Medium
S0320,0.1408,0.1704,0.3953,2.163,1.896,0.824,8.466,0.222,-0.0501,82.3,Low
S0321,-0.0002,0.0412,0.1566,2.03,1.438,0.815,-0.188,0.0065,0.2225,37.82,High
S0322,-0.068,-0.0866,0.0981,1.558,0.992,1.306,9.291,-0.1362,0.1726,32.49,High
S0323,0.0319,0.0839,0.3018,1.403,1.084,1.809,-3.134,0.0534,-0.1002,36.03,High
S0324,0.1055,0.1588,0.3288,1.106,0.79,1.953,-3.395,0.1561,0.145,45.94,Medium
S0325,0.0367,0.0304,0.1504,0.74,0.275,0.972,7.22,0.0254,-0.0522,29.07,High
S0326,0.0689,0.1291,0.2519,0.571,0.301,0.239,8.585,0.042,-0.051,41.69,Medium
S0327,0.007,0.0347,0.1143,1.666,1.266,0.069,7.275,0.0243,0.1694,46.62,Medium
S0328,-0.0037,-0.0218,0.1787,2.113,1.759,0.86,0.083,0.1042,-0.0936,45.51,Medium
S0329,-0.0053,0.0418,0.1897,2.101,1.73,1.629,6.512,0.0067,-0.0976,44.36,Medium
S0330,0.0474,0.0481,0.1809,1.844,1.454,1.26,8.161,0.0525,-0.0274,51.98,Medium
S0331,0.1026,0.121,0.1825,0.816,0.445,1.445,7.99,0.0733,0.1105,41.44,Medium
S0332,0.0121,0.0425,0.1379,1.844,1.31,2.336,0.833,-0.0172,-0.0567,28.41,High
S0333,0.0371,-0.0035,0.0485,1.1,0.607,1.247,1.297,0.0866,0.1168,28.65,High
S0334,-0.0092,0.006,0.0703,0.8,0.333,1.052,-0.254,-0.0148,-0.117,13.39,High
S0335,0.0754,0.1182,0.325,1.407,0.958,1.913,-2.935,0.0644,-0.0189,39.2,High
S0336,0.0237,0.056,0.1949,1.847,1.503,1.475,6.881,0.0034,0.1319,45.47,Medium
S0337,0.0456,0.0333,0.167,1.519,1.108,0.974,0.764,0.0961,0.0248,40.82,Medium
S0338,0.075,0.1157,0.3322,0.908,0.361,1.395,-1.455,0.1016,0.0745,35.02,High
S0339,0.1142,0.1081,0.309,2.319,1.772,1.691,5.519,0.084,0.1162,61.15,Medium
S0340,0.0458,0.0926,0.1816,1.305,0.748,1.172,6.222,0.0368,-0.1312,39.66,High
S0341,0.2062,0.3109,0.541,0.672,0.45,1.356,10.035,0.1656,0.0151,68.06,Low
S0342,0.0776,0.1336,0.3643,0.54,0.317,1.787,3.628,0.1179,-0.0269,37.96,High
S0343,-0.0161,0.0447,0.1343,1.67,1.071,0.262,1.516,0.0118,-0.0377,36.06,High
S0344,0.1305,0.1549,0.365,1.436,0.976,1.654,5.769,0.1735,0.0684,61.61,Medium
S0345,0.0431,0.0516,0.2807,1.217,0.636,1.94,6.848,0.082,0.0194,39.35,High
S0346,-0.0535,-0.03,0.1776,1.526,1.054,1.645,0.885,-0.0677,0.2041,22.57,High
S0347,0.1294,0.1477,0.2742,1.344,0.842,1.331,15.407,0.1589,0.1095,62.95,Medium
S0348,-0.0918,-0.0763,-0.0103,1.621,1.123,1.683,-3.995,-0.0381,0.2602,22.03,High
S0349,-0.1196,-0.0441,0.1552,1.916,1.366,0.0,6.008,-0.0421,0.0737,41.7,Medium
S0350,0.1126,0.1303,0.3251,1.781,1.182,1.791,-4.945,0.0569,-0.0715,46.13,Medium
S0351,-0.0834,-0.052,0.1609,0.613,0.228,1.421,1.533,-0.072,-0.204,10.42,High
S0352,0.0301,0.0603,0.2142,1.608,1.145,0.815,5.288,0.1002,0.0185,49.66,Medium
S0353,0.0886,0.113,0.3084,1.688,1.155,1.27,4.127,0.0934,-0.0094,53.29,Medium
S0354,0.0143,-0.0051,0.1496,1.527,1.207,0.628,12.529,0.0153,-0.075,45.18,Medium
S0355,-0.0294,-0.0514,0.0333,2.154,1.891,0.373,12.151,-0.027,-0.0023,48.12,Medium
S0356,0.1894,0.2391,0.3557,1.537,1.117,0.572,-4.311,0.1954,0.1674,68.89,Low
S0357,0.1139,0.1445,0.2611,1.525,1.098,1.302,4.75,0.094,0.1341,53.95,Medium
S0358,-0.2219,-0.1804,0.0686,0.57,0.361,0.994,1.918,-0.1501,0.0867,11.83,High
S0359,0.0737,0.1276,0.2281,3.149,2.937,1.137,-3.697,0.0665,0.1677,53.44,Medium
S0360,-0.0602,-0.0949,-0.0193,2.154,1.699,0.765,-4.363,-0.0176,0.1094,34.74,High
S0361,-0.1004,-0.0363,0.049,2.023,1.71,1.458,6.343,-0.0369,-0.1883,37.42,High
S0362,-0.0751,-0.0672,0.0349,1.613,1.076,1.782,9.168,-0.0987,0.0586,31.58,High
S0363,-0.0163,0.008,0.2135,0.2,0.1,1.396,1.319,0.1001,-0.0117,22.93,High
S0364,0.0719,0.0873,0.2303,1.342,0.888,1.843,6.633,0.0892,0.1632,45.34,Medium
S0365,0.2885,0.328,0.4325,1.494,1.056,0.581,2.748,0.2316,-0.1121,74.25,Low
S0366,0.0134,0.0417,0.2411,1.695,1.27,0.49,10.186,0.0897,0.0334,56.87,Medium
S0367,0.0202,0.0839,0.1835,1.616,1.316,0.826,4.924,0.0014,0.0792,42.92,Medium
S0368,0.0177,0.0059,0.1944,2.015,1.756,0.736,-0.327,0.0302,-0.0375,40.83,Medium
S0369,-0.031,0.0558,0.2362,1.715,1.333,1.54,2.141,0.0026,-0.0023,36.27,High
S0370,0.0995,0.1397,0.3233,0.669,0.463,0.857,-4.507,0.1448,0.1458,42.3,Medium
S0371,0.2876,0.3058,0.4131,0.79,0.27,1.142,0.349,0.2988,-0.2074,56.25,Medium
S0372,0.1434,0.1503,0.3514,0.615,0.351,0.804,3.949,0.1874,0.2027,52.54,Medium
S0373,0.1259,0.1848,0.308,1.713,1.362,1.706,8.829,0.1784,-0.1446,71.19,Low
S0374,-0.0157,0.006,0.1704,1.388,0.956,1.921,9.396,0.0645,-0.0944,39.44,High
S0375,0.1034,0.1152,0.2649,1.242,0.7,1.323,13.08,0.1323,0.3237,55.96,Medium
S0376,0.076,0.1067,0.1807,2.011,1.748,0.547,9.766,0.1539,0.1658,70.36,Low
S0377,0.0274,0.0559,0.2816,1.83,1.282,1.258,12.887,0.0923,0.0018,56.92,Medium
S0378,0.1346,0.2158,0.2907,1.262,0.664,1.018,3.025,0.1834,0.2309,58.44,Medium
S0379,0.099,0.1427,0.1938,1.22,0.621,0.613,3.27,0.1258,0.2362,48.48,Medium
S0380,0.0384,0.07,0.2064,1.794,1.255,2.137,4.915,0.0871,0.0116,45.59,Medium
S0381,0.1075,0.1469,0.3743,1.476,1.115,0.794,2.909,0.2129,0.3553,64.15,Medium
S0382,-0.0484,-0.0562,0.0516,1.343,0.776,1.414,4.774,-0.0019,-0.0531,26.65,High
S0383,0.038,0.0674,0.189,0.761,0.219,1.535,5.104,0.0886,-0.1908,31.58,High
S0384,-0.0735,-0.0236,0.1247,2.074,1.734,1.59,0.001,-0.0011,0.415,32.62,High
S0385,-0.1446,-0.0937,0.0312,1.061,0.646,0.855,4.584,-0.1702,0.1237,21.78,High
S0386,-0.0704,-0.0031,0.1328,0.629,0.1,0.953,12.584,0.0107,-0.0658,27.35,High
S0387,0.0524,0.086,0.3264,1.641,1.136,0.86,3.772,0.1376,0.0304,55.06,Medium
S0388,0.0245,0.0375,0.2249,0.629,0.402,2.049,3.07,0.0797,-0.2675,25.27,High
S0389,0.1111,0.1363,0.3313,1.5,1.168,0.0,8.15,0.1433,-0.0077,69.08,Low
S0390,-0.027,-0.0411,0.0403,2.287,1.831,0.032,5.013,-0.0096,0.1337,45.53,Medium
S0391,0.1146,0.055,0.266,0.848,0.505,0.868,5.849,0.0526,0.1145,39.96,High
S0392,0.1287,0.1601,0.3964,0.861,0.437,0.0,8.79,0.1404,0.0185,61.17,Medium
S0393,-0.0937,-0.0681,0.1216,0.665,0.295,1.062,1.103,-0.031,-0.2343,12.44,High
S0394,0.0912,0.1698,0.2941,1.614,1.4,0.555,2.637,0.1384,-0.0669,62.21,Medium
S0395,0.1282,0.2222,0.3247,0.661,0.216,1.544,3.731,0.192,-0.034,50.89,Medium
S0396,0.1348,0.16,0.3677,1.179,0.795,2.393,3.566,0.187,-0.0344,53.85,Medium
S0397,-0.0347,-0.0117,0.0963,1.114,0.575,1.109,6.246,0.0675,0.0725,31.79,High
S0398,0.118,0.1695,0.2586,0.87,0.492,0.067,7.58,0.1525,0.0395,58.06,Medium
S0399,-0.1733,-0.0817,0.0306,2.528,2.155,0.431,-5.0,-0.1352,-0.1022,35.7,High
S0400,-0.0366,-0.0477,0.0864,1.791,1.256,0.52,4.985,-0.081,-0.0102,34.59,High
S0401,0.0133,0.0572,0.1255,1.945,1.36,1.699,3.802,0.0171,-0.055,39.07,High
S0402,0.0096,0.0919,0.3244,1.496,1.036,2.712,9.873,-0.0064,-0.0028,39.56,High
S0403,0.0407,0.0751,0.266,1.641,1.106,0.08,-1.077,0.0366,-0.0224,42.98,Medium
S0404,0.2399,0.2999,0.4687,1.255,1.04,0.0,7.518,0.2844,0.1843,81.7,Low
S0405,0.041,0.0668,0.1947,1.891,1.355,1.515,3.908,0.0081,-0.2202,42.02,Medium
S0406,0.0477,0.1211,0.3569,1.595,0.999,0.97,8.29,0.0452,-0.0318,52.93,Medium
S0407,-0.001,-0.0328,0.0581,1.047,0.558,0.174,3.08,0.1072,0.2813,34.31,High
S0408,-0.0895,-0.0701,0.1491,1.944,1.683,0.554,4.327,-0.0933,0.2237,38.1,High
S0409,0.1092,0.1593,0.2555,1.363,0.817,1.928,-4.312,0.1136,-0.1142,43.28,Medium
S0410,0.214,0.2513,0.3513,1.587,1.004,1.024,-5.0,0.1798,0.0344,65.77,Low
S0411,0.1361,0.1079,0.1881,1.955,1.406,1.16,4.297,0.2418,0.0024,66.54,Low
S0412,0.0446,0.1002,0.2956,1.279,0.711,0.903,7.818,0.0923,-0.0598,49.19,Medium
S0413,0.0723,0.147,0.2667,1.48,1.072,0.956,-3.338,0.1628,-0.0629,52.54,Medium
S0414,0.1523,0.1637,0.3541,1.333,1.112,1.849,8.472,0.1828,0.1213,66.92,Low
S0415,0.034,0.0638,0.1721,1.897,1.415,2.04,2.579,0.0551,0.121,41.67,Medium
S0416,0.0621,0.0832,0.1589,1.892,1.611,0.912,4.046,0.1254,0.018,56.6,Medium
S0417,0.2227,0.2481,0.4567,1.306,0.883,0.274,1.612,0.2995,0.026,71.54,Low
S0418,0.0164,0.0832,0.278,2.09,1.807,0.653,12.162,0.0484,-0.0021,60.3,Medium
S0419,0.1247,0.1849,0.3417,1.521,1.141,0.188,4.056,0.0889,-0.088,61.5,Medium
S0420,0.0093,0.0536,0.2602,1.043,0.834,0.197,5.93,0.0859,0.0205,44.74,Medium
S0421,0.0418,0.083,0.1548,1.695,1.256,0.914,3.464,0.0989,0.2274,48.86,Medium
S0422,0.1477,0.1131,0.3453,2.815,2.289,0.192,5.268,0.1037,0.1779,72.4,Low
S0423,-0.026,0.0062,0.1153,1.099,0.703,1.072,1.484,-0.0633,-0.1946,18.38,High
S0424,-0.0526,-0.0193,0.1733,1.092,0.596,0.498,2.929,-0.0866,0.1489,22.34,High
S0425,0.2488,0.2259,0.3562,2.096,1.499,1.397,9.497,0.2727,0.096,85.17,Low
S0426,0.2185,0.3069,0.5084,1.107,0.56,1.684,-2.173,0.2259,0.0423,60.15,Medium
S0427,0.0147,0.0531,0.3013,1.333,0.867,1.711,5.078,0.1067,0.0498,42.26,Medium
S0428,0.0376,0.0141,0.1389,0.39,0.1,0.046,9.65,0.0592,0.0007,36.33,High
S0429,-0.0159,0.0327,0.0921,0.858,0.428,1.248,2.943,0.0361,0.0311,22.75,High
S0430,0.0945,0.1,0.2963,1.081,0.797,0.868,7.632,0.1512,0.1676,55.98,Medium
S0431,-0.0157,0.0466,0.2965,1.591,1.381,1.024,1.644,-0.013,0.2354,37.12,High
S0432,-0.0304,-0.0286,0.1111,1.744,1.494,0.685,4.568,-0.0434,0.0472,36.32,High
S0433,-0.0997,-0.0491,0.1045,1.368,0.83,0.374,7.275,-0.1382,0.0914,31.07,High
S0434,0.2467,0.3213,0.5392,1.105,0.841,0.951,-2.297,0.286,0.0288,66.74,Low
S0435,0.2323,0.2547,0.3752,0.703,0.125,1.505,8.877,0.2044,0.0329,64.1,Medium
S0436,-0.0643,-0.0398,0.1501,1.161,0.703,0.209,1.082,0.0436,0.0388,29.79,High
S0437,-0.0302,-0.0097,0.2045,0.842,0.342,0.9,12.508,-0.015,0.0257,28.72,High
S0438,0.1177,0.0675,0.2202,1.373,0.896,1.675,-1.102,0.1998,-0.0015,48.16,Medium
S0439,-0.0214,0.0145,0.068,2.246,1.937,1.144,8.053,0.0532,0.124,50.05,Medium
S0440,0.1878,0.236,0.288,2.082,1.779,1.023,11.747,0.2888,0.029,85.71,Low
S0441,0.0192,0.0931,0.1921,1.574,1.05,1.232,3.902,0.006,0.0455,37.77,High
S0442,0.0839,0.1026,0.2692,2.109,1.629,0.807,7.401,0.1078,-0.1183,65.25,Low
S0443,0.1205,0.1549,0.2293,2.201,1.684,1.174,4.737,0.0904,-0.1787,62.7,Medium
S0444,-0.0185,0.01,0.08,1.101,0.89,0.849,1.022,-0.0156,0.2369,23.3,High
S0445,0.1196,0.1328,0.287,1.384,0.945,0.462,8.547,0.1186,-0.1014,62.02,Medium
S0446,0.0561,0.0897,0.3096,1.378,0.891,1.316,14.034,0.1387,0.2039,56.84,Medium
S0447,0.312,0.3648,0.5168,1.936,1.462,1.075,1.085,0.3519,-0.0482,78.79,Low
S0448,-0.0018,0.0406,0.2681,0.34,0.1,0.197,0.027,0.0389,0.0563,23.81,High
S0449,0.1559,0.2085,0.3487,1.735,1.178,1.77,8.137,0.1947,0.1825,72.84,Low
S0450,-0.1511,-0.1298,0.0315,2.034,1.585,0.0,10.35,-0.1897,-0.1069,47.09,Medium
S0451,0.0389,0.0594,0.2306,1.757,1.496,1.738,2.049,0.0569,0.0263,43.62,Medium
S0452,0.2119,0.1569,0.375,1.403,1.023,0.819,3.433,0.199,0.0377,68.25,Low
S0453,0.1165,0.1394,0.1964,1.309,0.808,0.0,6.077,0.114,0.1814,56.89,Medium
S0454,0.1132,0.1783,0.4237,1.196,0.757,0.506,9.634,0.2076,-0.1078,70.81,Low
S0455,0.0188,0.0465,0.1154,0.432,0.1,1.343,-4.771,0.0164,0.0495,15.32,High
S0456,0.0974,0.1232,0.3552,1.865,1.632,0.547,4.17,0.1366,0.2362,66.29,Low
S0457,0.1308,0.1972,0.4292,1.112,0.785,0.899,-0.536,0.2141,0.136,58.64,Medium
S0458,0.0325,0.0817,0.2483,1.796,1.205,0.898,3.739,0.0837,-0.0454,49.51,Medium
S0459,-0.165,-0.1674,-0.0413,1.435,0.988,1.408,4.367,-0.1466,0.1625,25.11,High
S0460,0.0069,0.0327,0.2519,2.18,1.695,0.505,3.485,0.0524,-0.0001,50.64,Medium
S0461,0.0119,0.0223,0.1039,1.203,0.737,0.065,4.349,0.0228,-0.0086,34.01,High
S0462,0.0779,0.1303,0.2652,1.704,1.437,0.603,-0.698,0.0682,0.0324,51.22,Medium
S0463,-0.0108,0.0221,0.1101,0.486,0.1,0.668,0.233,-0.0455,0.0808,11.46,High
S0464,0.1837,0.2016,0.2546,1.989,1.541,2.377,14.998,0.0684,0.0183,66.73,Low
S0465,-0.0047,0.0174,0.0998,1.846,1.392,0.362,3.225,0.041,-0.112,42.79,Medium
S0466,-0.0882,0.0016,0.1719,1.324,0.957,1.384,11.978,-0.0392,-0.1522,33.6,High
S0467,-0.0646,-0.0465,0.0314,0.453,0.16,0.24,10.72,0.0465,0.0002,31.72,High
S0468,0.0995,0.0925,0.2075,1.126,0.784,0.797,1.904,0.1032,0.144,43.6,Medium
S0469,-0.0107,0.0714,0.209,2.288,1.998,0.999,1.794,-0.0079,0.1262,42.66,Medium
S0470,0.195,0.2607,0.4411,1.501,0.981,0.306,-1.158,0.1931,0.06,70.59,Low
S0471,-0.1121,-0.0835,0.091,2.017,1.792,0.022,6.069,-0.2079,0.1632,41.98,Medium
S0472,0.0408,0.1257,0.3652,1.905,1.494,0.768,-2.164,0.0906,0.1111,54.14,Medium
S0473,0.2207,0.2809,0.5284,0.848,0.349,2.031,0.498,0.3147,0.093,55.91,Medium
S0474,0.0897,0.1105,0.2794,1.391,0.875,1.487,3.352,0.0698,0.102,44.13,Medium
S0475,0.0542,0.0989,0.2107,0.735,0.438,2.083,7.977,0.0549,-0.006,33.97,High
S0476,0.1844,0.2038,0.3665,2.43,2.121,2.238,-2.293,0.2303,0.2785,70.44,Low
S0477,0.0627,0.0848,0.2795,1.995,1.509,0.934,-1.555,0.1605,0.1686,57.41,Medium
S0478,0.0572,0.0525,0.198,1.199,0.779,0.0,1.093,0.0044,-0.0447,34.49,High
S0479,0.127,0.1457,0.2149,1.002,0.587,0.649,12.644,0.1296,0.0761,57.27,Medium
S0480,-0.0809,-0.0053,0.2349,1.978,1.767,1.428,7.02,-0.0835,0.161,39.76,High
S0481,-0.0083,0.045,0.1499,1.592,1.266,1.035,-0.836,0.0241,0.0353,33.8,High
S0482,0.0114,0.0397,0.1413,1.061,0.654,0.296,14.556,0.0843,0.0628,44.69,Medium
S0483,0.1655,0.1361,0.3347,1.18,0.741,0.834,4.925,0.2315,-0.1066,62.44,Medium
S0484,0.096,0.1264,0.2821,1.114,0.524,0.928,11.984,0.0764,0.1191,50.91,Medium
S0485,0.0546,0.0748,0.1302,1.235,0.641,0.0,9.726,0.1361,0.2565,54.02,Medium
S0486,0.0584,0.0496,0.2796,1.406,1.115,2.154,14.078,0.1023,0.0287,50.86,Medium
S0487,-0.0565,0.0198,0.2473,1.241,0.777,0.59,4.661,-0.1087,0.1605,29.21,High
S0488,0.0506,0.1154,0.2674,1.325,0.733,1.532,0.059,0.0463,0.0301,34.06,High
S0489,0.0709,0.0497,0.1278,1.837,1.475,0.843,4.731,0.0846,-0.0937,52.36,Medium
S0490,0.0567,0.1166,0.3105,1.194,0.823,1.659,3.584,0.0342,0.0411,38.3,High
S0491,-0.0483,-0.0493,0.0462,0.813,0.567,0.487,6.098,-0.0701,0.1211,22.83,High
S0492,-0.0323,-0.0012,0.2002,2.68,2.372,0.585,7.083,0.0946,-0.1656,57.48,Medium
S0493,-0.0158,0.0071,0.1923,1.217,0.825,1.983,-2.402,-0.0058,0.1555,19.85,High
S0494,0.0573,0.0579,0.1204,1.274,1.056,1.144,-2.307,0.1179,0.0439,39.46,High
S0495,0.0771,0.1503,0.3361,1.001,0.478,0.865,3.591,0.0556,-0.2128,41.4,Medium
S0496,0.0095,0.0503,0.1017,2.06,1.512,1.532,10.221,0.0679,0.2352,52.82,Medium
S0497,0.2266,0.2851,0.4252,1.287,1.035,0.764,6.796,0.2106,0.0071,76.89,Low
S0498,-0.152,-0.0703,0.011,1.651,1.165,1.21,10.5,-0.1941,0.3177,36.16,High
S0499,0.1578,0.1941,0.3898,0.757,0.334,2.011,-4.402,0.2059,0.0939,47.53,Medium
S0500,0.2372,0.2197,0.4606,1.092,0.826,0.145,-0.895,0.2774,-0.1035,67.08,Low
S0501,0.1266,0.1367,0.3303,1.11,0.696,0.806,4.154,0.1814,0.1599,57.19,Medium
S0502,0.0321,0.0308,0.0819,1.659,1.07,0.377,0.764,0.0417,-0.0613,37.32,High
S0503,0.1236,0.1055,0.1689,1.216,0.912,0.0,1.27,0.1236,-0.0172,50.61,Medium
S0504,0.0737,0.0838,0.2324,1.669,1.086,1.066,4.558,0.1544,-0.042,55.28,Medium
S0505,0.1291,0.1603,0.4068,2.11,1.749,0.816,6.28,0.14,0.2316,73.71,Low
S0506,0.0671,0.0849,0.2666,0.733,0.207,0.426,8.942,0.0224,0.0453,39.23,High
S0507,0.1635,0.129,0.2186,1.166,0.912,1.4,7.268,0.1972,0.1497,61.77,Medium
S0508,0.1067,0.1895,0.3001,2.481,2.202,0.0,15.75,0.098,0.2095,78.64,Low
S0509,0.0624,0.1242,0.3435,1.744,1.428,2.105,5.974,0.1292,-0.2297,58.02,Medium
S0510,0.0523,0.0946,0.302,1.929,1.515,1.034,9.316,-0.0416,0.1007,52.37,Medium
S0511,0.03,0.0326,0.2642,2.075,1.855,0.905,7.941,0.0934,0.0195,58.55,Medium
S0512,-0.0024,0.0086,0.1226,1.377,0.812,0.0,7.743,-0.0097,0.0696,37.01,High
S0513,0.1716,0.1623,0.3637,1.306,0.843,1.867,-1.983,0.2201,0.1538,55.76,Medium
S0514,0.0432,0.0691,0.3056,1.59,1.071,1.393,-0.419,0.1127,0.17,43.59,Medium
S0515,0.0767,0.0619,0.1408,1.507,0.913,0.748,-2.342,0.1271,0.0499,43.37,Medium
S0516,-0.0881,-0.0476,0.1782,1.684,1.271,0.439,0.531,-0.095,0.0323,30.42,High
S0517,0.0733,0.0976,0.2036,1.207,0.76,0.46,1.489,0.258,0.0805,51.29,Medium
S0518,-0.0642,-0.0089,0.0506,1.9,1.543,0.692,11.241,-0.0159,0.1468,46.1,Medium
S0519,0.0991,0.1158,0.2511,2.065,1.511,2.261,7.827,0.1297,0.0602,62.13,Medium
S0520,0.0724,0.0648,0.1412,1.522,1.103,1.236,4.096,0.131,0.1096,48.74,Medium
S0521,0.075,0.064,0.2094,1.322,1.07,0.76,1.802,0.1722,0.1963,51.02,Medium
S0522,0.1,0.1268,0.3185,1.441,1.13,1.237,2.015,0.1326,0.0545,53.44,Medium
S0523,0.1143,0.1257,0.194,0.902,0.388,0.63,-0.824,0.185,-0.0863,44.73,Medium
S0524,-0.0029,0.0648,0.2244,1.297,1.065,1.583,7.81,0.054,0.0945,42.01,Medium
S0525,0.0666,0.0809,0.1434,2.109,1.594,0.515,4.179,0.0716,-0.1054,55.3,Medium
S0526,0.076,0.0935,0.1867,0.586,0.1,0.74,3.617,0.0522,0.1081,31.93,High
S0527,0.0541,0.1014,0.2545,0.967,0.762,0.116,6.427,0.0272,0.1402,43.81,Medium
S0528,0.0295,0.0914,0.1604,1.027,0.564,1.819,11.5,0.0516,0.2505,37.94,High
S0529,0.0339,0.0969,0.1865,1.631,1.233,0.215,6.1,-0.0117,0.0812,46.38,Medium
S0530,0.1416,0.1565,0.373,1.139,0.653,0.929,4.459,0.1463,0.2309,56.38,Medium
S0531,-0.0047,0.067,0.3003,1.44,0.912,1.792,2.109,0.043,0.0805,34.05,High
S0532,0.0114,0.0599,0.1579,1.659,1.292,1.471,-2.574,0.0544,-0.092,36.43,High
S0533,0.0069,0.1018,0.2824,0.993,0.564,0.337,1.987,0.0894,0.0351,38.62,High
S0534,-0.0805,-0.0342,0.172,2.247,1.976,1.736,11.991,-0.1031,0.0068,42.63,Medium
S0535,0.095,0.0993,0.2042,1.276,0.713,1.034,4.321,0.1232,-0.0419,47.4,Medium
S0536,0.01,0.0365,0.0904,1.159,0.95,0.0,0.713,0.016,-0.0727,31.52,High
S0537,0.2066,0.2372,0.4195,1.134,0.734,0.149,3.236,0.1798,-0.0033,68.66,Low
S0538,-0.1704,-0.1742,0.0454,1.857,1.423,1.971,7.028,-0.173,-0.0945,33.25,High
S0539,0.1632,0.1951,0.4192,1.199,0.854,0.89,10.012,0.268,-0.0928,73.78,Low
S0540,0.0164,0.0154,0.1114,1.767,1.258,1.037,6.503,-0.0565,0.1844,35.87,High
S0541,0.0286,0.0746,0.1913,2.154,1.751,0.0,4.257,0.0586,-0.0941,55.58,Medium
S0542,0.0733,0.0924,0.3377,1.769,1.447,0.716,1.918,0.155,0.0251,60.32,Medium
S0543,0.0671,0.0839,0.1936,2.142,1.669,1.481,6.728,0.0181,-0.0751,51.54,Medium
S0544,0.0416,0.0498,0.1584,0.37,0.1,0.82,3.688,0.0219,0.0395,24.68,High
S0545,0.021,0.0837,0.2637,1.783,1.553,0.019,3.592,-0.0208,0.017,47.43,Medium
S0546,-0.0071,0.0344,0.1578,1.408,1.144,1.635,0.561,0.0138,0.0521,28.49,High
S0547,0.1992,0.1848,0.3227,2.942,2.38,0.0,1.379,0.0808,0.0589,71.49,Low
S0548,0.1329,0.1355,0.2664,1.908,1.309,0.075,2.973,0.1153,-0.0053,63.83,Medium
S0549,-0.0537,-0.0173,0.0457,1.702,1.143,1.145,-2.508,-0.0091,-0.0097,27.3,High
S0550,0.045,0.1065,0.2152,2.143,1.653,1.527,-0.413,-0.0443,0.1595,38.18,High
S0551,0.07,0.0777,0.1387,0.926,0.365,1.367,-1.011,0.0846,0.1607,28.29,High
S0552,0.079,0.1464,0.2197,1.404,1.005,0.226,7.435,0.0215,-0.0092,51.77,Medium
S0553,0.0905,0.1646,0.3555,1.046,0.745,1.246,3.306,0.1629,-0.0659,52.74,Medium
S0554,0.0708,0.1142,0.1723,1.862,1.357,1.552,4.873,0.1096,-0.0459,53.97,Medium
S0555,0.0032,0.07,0.2508,0.837,0.579,0.0,1.417,0.0713,0.015,34.97,High
S0556,0.0706,0.0101,0.0949,1.586,1.225,1.674,3.054,0.0823,-0.1299,40.29,Medium
S0557,0.0416,0.0337,0.2831,0.803,0.422,0.811,4.989,0.0359,-0.1849,32.5,High
S0558,0.1443,0.1091,0.2328,1.37,1.007,0.491,-4.271,0.1242,-0.0599,51.42,Medium
S0559,-0.0096,0.0495,0.2151,1.566,1.154,1.672,3.401,0.05,0.0093,37.62,High
S0560,0.0991,0.084,0.2086,1.608,1.234,1.333,1.638,0.1936,-0.0252,55.62,Medium
S0561,0.0979,0.1457,0.3619,1.226,0.851,0.0,10.986,0.1389,0.0844,66.35,Low
S0562,0.3405,0.3803,0.4538,1.292,0.852,0.723,2.188,0.3312,-0.1372,70.0,Low
S0563,0.2033,0.2423,0.3716,1.817,1.441,1.193,7.082,0.23,0.1104,81.62,Low
S0564,0.1278,0.1627,0.37,2.242,1.825,1.274,5.863,0.1173,-0.0669,69.59,Low
S0565,0.0282,0.0434,0.2631,1.042,0.478,1.886,6.495,-0.0818,0.107,24.41,High
S0566,0.0098,0.0534,0.1543,1.294,0.84,0.984,10.05,0.0288,0.1603,41.5,Medium
S0567,0.1446,0.1946,0.2631,2.014,1.433,1.501,-0.376,0.1053,0.2672,58.22,Medium
S0568,-0.0261,0.0383,0.2409,1.169,0.767,0.089,3.938,-0.0603,-0.0175,30.44,High
S0569,0.1433,0.1809,0.2787,1.868,1.468,0.62,7.36,0.1549,-0.1099,74.2,Low
S0570,0.2263,0.2558,0.3817,1.177,0.899,0.633,-2.952,0.2124,0.1892,65.97,Low
S0571,0.1349,0.1572,0.2751,1.811,1.599,0.884,5.482,0.1133,0.0305,65.97,Low
S0572,0.0878,0.0672,0.228,1.233,0.644,0.0,2.283,0.0837,0.1452,43.85,Medium
S0573,0.0561,0.14,0.2313,1.174,0.916,0.752,7.867,0.0095,-0.0688,45.62,Medium
S0574,0.101,0.1678,0.3385,2.156,1.852,0.0,-5.0,0.0445,0.0276,59.45,Medium
S0575,0.0541,0.1031,0.273,0.791,0.48,1.024,5.038,0.0346,0.1382,35.28,High
S0576,0.0041,0.008,0.1742,1.991,1.687,0.514,8.167,0.1312,0.0552,58.89,Medium
S0577,0.171,0.2321,0.2899,1.415,1.015,3.256,-1.771,0.1808,-0.0451,53.26,Medium
S0578,0.0237,0.0312,0.0879,1.693,1.388,0.0,0.642,-0.0322,0.0593,35.95,High
S0579,0.1053,0.143,0.3827,1.536,1.324,0.203,7.339,0.1662,0.1439,71.9,Low
S0580,0.0052,0.0706,0.2619,1.759,1.345,0.843,-5.0,0.0102,0.0409,38.88,High
S0581,0.0231,0.1058,0.1706,1.09,0.768,0.605,8.641,0.117,-0.0541,49.5,Medium
S0582,-0.0051,-0.0098,0.164,2.017,1.613,0.023,-1.88,0.0235,0.0959,41.54,Medium
S0583,-0.126,-0.1056,0.1405,1.28,1.06,1.454,-0.879,-0.1206,0.0146,20.04,High
S0584,-0.0257,-0.0248,0.1943,0.862,0.588,0.694,3.885,0.0224,-0.0418,27.41,High
S0585,0.1111,0.0797,0.1638,0.2,0.1,1.598,6.8,0.0662,-0.1104,33.66,High
S0586,-0.002,0.0336,0.2031,1.393,0.82,0.802,6.364,0.0292,-0.035,37.85,High
S0587,-0.1143,-0.0803,-0.0185,1.082,0.611,1.992,3.829,-0.0666,-0.1433,15.86,High
S0588,0.0821,0.1103,0.2985,1.103,0.838,1.741,3.586,0.0467,0.3362,39.32,High
S0589,-0.0371,-0.009,0.071,1.547,1.342,0.871,2.943,-0.0729,0.288,29.95,High
S0590,0.0402,0.0881,0.2178,1.205,0.634,0.0,3.277,0.0399,0.1706,39.56,High
S0591,-0.0477,-0.035,0.1864,1.743,1.165,2.01,0.088,0.0004,0.1464,26.78,High
S0592,0.0468,0.0355,0.132,1.873,1.449,1.274,4.515,0.0857,0.0866,48.64,Medium
S0593,-0.024,-0.0233,0.1898,1.054,0.619,1.454,-0.663,0.0193,0.1971,20.56,High
S0594,0.0615,0.1214,0.3242,2.273,1.941,0.994,7.029,0.072,0.1683,62.9,Medium
S0595,0.0211,0.1132,0.2606,1.555,1.063,1.834,-1.342,-0.0245,0.1808,30.24,High
S0596,0.0847,0.1079,0.1581,0.2,0.1,0.473,8.131,0.1544,0.0992,46.76,Medium
S0597,0.0956,0.0807,0.2222,1.746,1.462,2.483,-3.617,0.0962,-0.0591,44.2,Medium
S0598,0.0755,0.1059,0.3377,1.965,1.391,0.271,-0.609,0.0775,-0.1174,54.86,Medium
S0599,0.0556,0.0807,0.1773,1.881,1.378,1.744,3.122,0.0744,-0.0375,46.5,Medium
S0600,0.0594,0.1107,0.2456,1.685,1.394,1.531,1.39,0.1219,0.0373,50.73,Medium
